residue,rmsf_nm
ILE0,0.113851294
GLU1,0.10492464
GLN2,0.07458124
PRO3,0.06086225
ARG4,0.0627657
TRP5,0.052012336
ALA6,0.057220094
SER7,0.074396774
LYS8,0.14041357
ASP9,0.106581524
SER10,0.112941466
ALA11,0.076874495
ALA12,0.05266001
GLY13,0.054227795
ALA14,0.055574834
ALA15,0.052072838
SER16,0.07194653
THR17,0.07163641
PRO18,0.06895738
ASP19,0.061845537
GLU20,0.04554103
LYS21,0.05266204
ILE22,0.05128048
VAL23,0.04404542
LEU24,0.052422903
GLU25,0.054051347
PHE26,0.052054476
MET27,0.06402338
ASP28,0.06622483
ALA29,0.06444111
LEU30,0.057126455
THR31,0.049246877
SER32,0.056414716
ASN33,0.04611952
ASP34,0.054207485
ALA35,0.05185386
ALA36,0.07065549
LYS37,0.078362904
LEU38,0.064688094
ILE39,0.05762268
GLU40,0.06266491
TYR41,0.050657183
PHE42,0.046130855
ALA43,0.051475175
GLU44,0.07156919
ASP45,0.07115208
THR46,0.044192903
MET47,0.03649934
TYR48,0.03366141
GLN49,0.036413617
ASN50,0.034161244
MET51,0.03561562
PRO52,0.04129109
LEU53,0.048940986
PRO54,0.06267452
PRO55,0.049381576
ALA56,0.043693714
TYR57,0.04508597
GLY58,0.053420667
ARG59,0.056104627
ASP60,0.06810889
ALA61,0.055447392
VAL62,0.043465246
GLU63,0.05077487
GLN64,0.056918047
THR65,0.05024693
LEU66,0.046147507
ALA67,0.05688246
GLY68,0.064154685
LEU69,0.054677144
PHE70,0.047380194
THR71,0.060913403
VAL72,0.06087679
MET73,0.049979284
SER74,0.04704588
ILE75,0.045646217
ASP76,0.05237703
ALA77,0.052279044
VAL78,0.04697134
GLU79,0.049466398
THR80,0.045303896
PHE81,0.04018887
HIS82,0.03512214
ILE83,0.030532
GLY84,0.035679754
SER85,0.033874102
SER86,0.028527131
ASN87,0.03639784
GLY88,0.04900889
LEU89,0.02814174
VAL90,0.029240567
TYR91,0.031151399
THR92,0.030397313
GLU93,0.02835508
ARG94,0.032793168
VAL95,0.03458367
ASP96,0.03416795
VAL97,0.041575786
LEU98,0.041071784
ARG99,0.04264534
ALA100,0.05011507
LEU101,0.05835231
PRO102,0.08212927
THR103,0.09532651
GLY104,0.08009285
LYS105,0.063058786
SER106,0.06424285
TYR107,0.0572658
ASN108,0.047702778
LEU109,0.041617155
SER110,0.04389821
ILE111,0.03260675
LEU112,0.02976607
GLY113,0.038948447
VAL114,0.0290666
PHE115,0.03433486
GLN116,0.03852515
LEU117,0.03824396
THR118,0.060495026
GLU119,0.096318
GLY120,0.08563282
LYS121,0.04960008
ILE122,0.04050736
THR123,0.039665755
GLY124,0.039280985
TRP125,0.032291856
ARG126,0.0286206
ASP127,0.027403694
TYR128,0.028706374
PHE129,0.035609014
ASP130,0.036770444
LEU131,0.04733682
ARG132,0.052530915
GLU133,0.084884316
PHE134,0.057927508
GLU135,0.05732442
GLU136,0.090334155
ALA137,0.09824926
VAL138,0.09262603
ASP139,0.12600102
LEU140,0.124575645
PRO141,0.11584659
LEU142,0.07247626
ARG143,0.07626886
GLY144,0.13185564
LYS145,0.14255206
ILE146,0.09570867
GLU147,0.1003665
GLN148,0.067569636
PRO149,0.06420759
ARG150,0.06652852
TRP151,0.055347536
ALA152,0.052417826
SER153,0.059870504
LYS154,0.10264744
ASP155,0.0979823
SER156,0.086719744
ALA157,0.05418755
ALA158,0.04486056
GLY159,0.05199926
ALA160,0.047201067
ALA161,0.040767126
SER162,0.050192147
THR163,0.04961093
PRO164,0.05715516
ASP165,0.05241942
GLU166,0.03819727
LYS167,0.04397294
ILE168,0.042719238
VAL169,0.038293466
LEU170,0.04038228
GLU171,0.043716323
PHE172,0.036931694
MET173,0.043244757
ASP174,0.051169597
ALA175,0.050989427
LEU176,0.05192757
THR177,0.051643305
SER178,0.046485167
ASN179,0.043714732
ASP180,0.052134674
ALA181,0.047325775
ALA182,0.064511426
LYS183,0.062295698
LEU184,0.04476729
ILE185,0.045728136
GLU186,0.049993787
TYR187,0.04365303
PHE188,0.042634387
ALA189,0.046871547
GLU190,0.05043805
ASP191,0.061839446
THR192,0.04538993
MET193,0.03908602
TYR194,0.02898957
GLN195,0.030969055
ASN196,0.032953046
MET197,0.036351286
PRO198,0.046199042
LEU199,0.04341849
PRO200,0.0532199
PRO201,0.046893686
ALA202,0.04627809
TYR203,0.04646147
GLY204,0.050327897
ARG205,0.04720272
ASP206,0.059337128
ALA207,0.056841124
VAL208,0.046226617
GLU209,0.045074247
GLN210,0.04767888
THR211,0.04473741
LEU212,0.0415298
ALA213,0.045173515
GLY214,0.05068404
LEU215,0.048485998
PHE216,0.043236014
THR217,0.048597977
VAL218,0.047605198
MET219,0.042686634
SER220,0.04099573
ILE221,0.03655472
ASP222,0.040083237
ALA223,0.04210751
VAL224,0.045233727
GLU225,0.04142635
THR226,0.039199326
PHE227,0.036663014
HIS228,0.031022813
ILE229,0.028521435
GLY230,0.030099908
SER231,0.030417826
SER232,0.032498956
ASN233,0.038552962
GLY234,0.053403456
LEU235,0.032544218
VAL236,0.027157247
TYR237,0.028379902
THR238,0.028948383
GLU239,0.027547892
ARG240,0.033224076
VAL241,0.03594648
ASP242,0.034580976
VAL243,0.034408785
LEU244,0.037947748
ARG245,0.039328404
ALA246,0.04166873
LEU247,0.047367997
PRO248,0.06823968
THR249,0.063252494
GLY250,0.05851331
LYS251,0.045863952
SER252,0.044179827
TYR253,0.04227443
ASN254,0.038047563
LEU255,0.03885152
SER256,0.037384868
ILE257,0.030643603
LEU258,0.026644843
GLY259,0.03433555
VAL260,0.026208872
PHE261,0.032399796
GLN262,0.03364464
LEU263,0.042872738
THR264,0.059689965
GLU265,0.07808018
GLY266,0.07557903
LYS267,0.052682795
ILE268,0.039655223
THR269,0.038122594
GLY270,0.035767205
TRP271,0.026376205
ARG272,0.025596268
ASP273,0.027673868
TYR274,0.027892338
PHE275,0.034235857
ASP276,0.039426688
LEU277,0.041419543
ARG278,0.04872107
GLU279,0.054143235
PHE280,0.048493758
GLU281,0.05673064
GLU282,0.0657385
ALA283,0.053268064
VAL284,0.053122073
ASP285,0.06252541
LEU286,0.06465033
PRO287,0.07854045
LEU288,0.08810042
ARG289,0.1433927
GLY290,0.1740193
