frame,time_ns,rg_nm
0,0.0,1.8510170950566018
1,0.04,1.847207708058459
2,0.08,1.8489231226004512
3,0.12,1.8589511540677313
4,0.16,1.8497597750855113
5,0.2,1.8508722106214923
6,0.24,1.8460156658755549
7,0.28,1.8537061410397226
8,0.32,1.8541085859498434
9,0.36,1.8521420714035757
10,0.4,1.8448281245897746
11,0.44,1.8477401746546418
12,0.48,1.8540606731040046
13,0.52,1.8540309817476586
14,0.56,1.8528552300972838
15,0.6,1.8502549937529376
16,0.64,1.8640206367369634
17,0.68,1.8514126370254722
18,0.72,1.8596722374914134
19,0.76,1.84912755164348
20,0.8,1.847375737327006
21,0.84,1.8492035477696747
22,0.88,1.8542517742076299
23,0.92,1.8504205877320088
24,0.96,1.8535445492097018
25,1.0,1.85030218465221
26,1.04,1.8446517168279002
27,1.08,1.841938204266805
28,1.12,1.8485910873513016
29,1.16,1.8475208916769676
30,1.2,1.8405192691281649
31,1.24,1.8453026480064414
32,1.28,1.847067527095978
33,1.32,1.8438402878256468
34,1.36,1.8478629888391553
35,1.4000000000000001,1.8480924355161519
36,1.44,1.840848015892164
37,1.48,1.8545236633078594
38,1.52,1.847203025971015
39,1.56,1.847889433906233
40,1.6,1.855289939406304
41,1.6400000000000001,1.8474593422382415
42,1.68,1.8457652346971702
43,1.72,1.843359308705052
44,1.76,1.8423504309126661
45,1.8,1.8505144115998284
46,1.84,1.8503011033162582
47,1.8800000000000001,1.8442494304622952
48,1.92,1.854982441678666
49,1.96,1.854986974812479
50,2.0,1.8498128537949234
51,2.04,1.8464276721278488
52,2.08,1.8389683922351905
53,2.12,1.8418292485453887
54,2.16,1.8495171963724573
55,2.2,1.8493624564655864
56,2.24,1.8430958368250843
57,2.2800000000000002,1.8539471224887039
58,2.32,1.8490017630550237
59,2.36,1.8407954459564944
60,2.4,1.8488536904677997
61,2.44,1.8379211287390431
62,2.48,1.846399611722174
63,2.52,1.8528114392499033
64,2.56,1.845420308854673
65,2.6,1.8451313323467946
66,2.64,1.8398627571555062
67,2.68,1.8464984521980063
68,2.72,1.8419868039604281
69,2.7600000000000002,1.846012637245337
70,2.8000000000000003,1.8389022775961532
71,2.84,1.8425005468639528
72,2.88,1.842951206771717
73,2.92,1.8414089203102446
74,2.96,1.8385842548466718
75,3.0,1.8417872968324445
76,3.04,1.845847663474225
77,3.08,1.8453758407447902
78,3.12,1.84457811213371
79,3.16,1.8450048716446659
80,3.2,1.8492049966166073
81,3.24,1.8453296757422426
82,3.2800000000000002,1.848715988766126
83,3.3200000000000003,1.8461972956675645
84,3.36,1.8491277434221574
85,3.4,1.845191323323167
86,3.44,1.8435735941927562
87,3.48,1.8427000453947775
88,3.52,1.8475279188259797
89,3.56,1.8459754658245664
90,3.6,1.8410479198693033
91,3.64,1.843805565771584
92,3.68,1.8481538762905478
93,3.72,1.8459135094538288
94,3.7600000000000002,1.8486243896700942
95,3.8000000000000003,1.8521155068608646
96,3.84,1.839227155194706
97,3.88,1.8418050629498104
98,3.92,1.8406174269450817
99,3.96,1.8443289972069898
100,4.0,1.84103857093666
101,4.04,1.8438663925487566
102,4.08,1.847634273079558
103,4.12,1.8460344152761021
104,4.16,1.845803502025977
105,4.2,1.8446611624373142
106,4.24,1.8414811926447818
107,4.28,1.851157230382392
108,4.32,1.8486379351140334
109,4.36,1.8465721913926398
110,4.4,1.838976959714769
111,4.44,1.8441366271762907
112,4.48,1.849812849631781
113,4.5200000000000005,1.8393685808865463
114,4.5600000000000005,1.846472013238807
115,4.6000000000000005,1.8467357411351795
116,4.64,1.8486740385914682
117,4.68,1.8503309585063332
118,4.72,1.8541659096164718
119,4.76,1.8564925188961825
120,4.8,1.8437289852388459
121,4.84,1.849275682763687
122,4.88,1.847153856140851
123,4.92,1.8487893968157747
124,4.96,1.8507285996984806
125,5.0,1.8462369398089267
126,5.04,1.8544076864140306
127,5.08,1.854292614478871
128,5.12,1.850816964619621
129,5.16,1.8521070870845047
130,5.2,1.8458522130132564
131,5.24,1.849039116104668
132,5.28,1.8487491123286606
133,5.32,1.8479703303198842
134,5.36,1.851889811562755
135,5.4,1.8541167166891956
136,5.44,1.8440273998011012
137,5.48,1.8513525005675475
138,5.5200000000000005,1.8435843041993334
139,5.5600000000000005,1.8472804318529024
140,5.6000000000000005,1.8545673102353617
141,5.64,1.855331734072946
142,5.68,1.8502017830804802
143,5.72,1.8520337650454284
144,5.76,1.847624331243623
145,5.8,1.8519304622086914
146,5.84,1.8507114580425799
147,5.88,1.8495230145912174
148,5.92,1.846082890132159
149,5.96,1.8510466860633579
150,6.0,1.852665130607562
151,6.04,1.8480874097284465
152,6.08,1.847436118420868
153,6.12,1.8576943464827267
154,6.16,1.851272660034707
155,6.2,1.859593602990936
156,6.24,1.855208111367616
157,6.28,1.8602085782806308
158,6.32,1.8654660687369677
159,6.36,1.863558112902973
160,6.4,1.8642577215849445
161,6.44,1.8636922555123145
162,6.48,1.8624230457622617
163,6.5200000000000005,1.871900570099742
164,6.5600000000000005,1.8542315109079757
165,6.6000000000000005,1.867472587515336
166,6.640000000000001,1.8537630334271504
167,6.68,1.85367724903242
168,6.72,1.857480205520596
169,6.76,1.8632785110438805
170,6.8,1.860329105218969
171,6.84,1.8624120190919973
172,6.88,1.8622538934669912
173,6.92,1.8591203372369411
174,6.96,1.8653588018178415
175,7.0,1.8543852110198322
176,7.04,1.8660611359138215
177,7.08,1.8648015585693547
178,7.12,1.8577664739735587
179,7.16,1.8574859285619254
180,7.2,1.8555366519879766
181,7.24,1.8571169109475634
182,7.28,1.8595716485273104
183,7.32,1.869357504215614
184,7.36,1.8638993872306626
185,7.4,1.8613938988908725
186,7.44,1.8599316473617675
187,7.48,1.8580797726700746
188,7.5200000000000005,1.8588699408840839
189,7.5600000000000005,1.862832894013611
190,7.6000000000000005,1.8556701977524828
191,7.640000000000001,1.8585093066714744
192,7.68,1.8523246223759615
193,7.72,1.8504329011943736
194,7.76,1.8475516642869598
195,7.8,1.8568903336552638
196,7.84,1.8562643375609291
197,7.88,1.8519055740499883
198,7.92,1.846756101579466
199,7.96,1.85419579722059
200,8.0,1.8566205655760943
201,8.040000000000001,1.8496792892323741
202,8.08,1.86055236730877
203,8.120000000000001,1.8582365604794389
204,8.16,1.8564053945664745
205,8.2,1.855083055021469
206,8.24,1.8561464200621953
207,8.28,1.850916077221656
208,8.32,1.850843045517873
209,8.36,1.8512729330933362
210,8.4,1.8472537094484096
211,8.44,1.8471566235763757
212,8.48,1.8434120099518019
213,8.52,1.8465495017382223
214,8.56,1.852803053100725
215,8.6,1.8473109643149257
216,8.64,1.8511666717993331
217,8.68,1.8450127029146433
218,8.72,1.8408137388672956
219,8.76,1.8507440517465072
220,8.8,1.846828118631805
221,8.84,1.8506486437035654
222,8.88,1.8471699540462405
223,8.92,1.843388444460431
224,8.96,1.8468648517338382
225,9.0,1.8427825649409633
226,9.040000000000001,1.8542679908102453
227,9.08,1.8553992846654808
228,9.120000000000001,1.8481719027762649
229,9.16,1.8475632158894226
230,9.200000000000001,1.8428351218857737
231,9.24,1.8499934491052368
232,9.28,1.849463794559251
233,9.32,1.8490220922889384
234,9.36,1.8571290268600156
235,9.4,1.8576346550429745
236,9.44,1.8558115568508615
237,9.48,1.852029922054887
238,9.52,1.8537175873250373
239,9.56,1.8516816711038337
240,9.6,1.8527987339320138
241,9.64,1.854367701766793
242,9.68,1.8546920667644042
243,9.72,1.8558926141753802
244,9.76,1.8472922365531306
245,9.8,1.8527024258094145
246,9.84,1.8448110451126714
247,9.88,1.85088053014109
248,9.92,1.853076782669935
249,9.96,1.8547573348673585
250,10.0,1.8563706486887512
251,10.040000000000001,1.8600590205575334
252,10.08,1.8510808929864397
253,10.120000000000001,1.8572794092459493
254,10.16,1.85665211286706
255,10.200000000000001,1.8477886926777702
256,10.24,1.8549842435150972
257,10.28,1.853925115076604
258,10.32,1.855217472305828
259,10.36,1.8547233959635756
260,10.4,1.852613361789376
261,10.44,1.8504206871193714
262,10.48,1.847743004685779
263,10.52,1.8507150264959922
264,10.56,1.8511690059451984
265,10.6,1.8539363369058544
266,10.64,1.8522243077432254
267,10.68,1.8538115295294098
268,10.72,1.8497581250820359
269,10.76,1.85162298060654
270,10.8,1.8470629059705828
271,10.84,1.8502078041805032
272,10.88,1.8469631832454798
273,10.92,1.8507883410626818
274,10.96,1.8523136108826812
275,11.0,1.8585818348481542
276,11.040000000000001,1.8546004705743144
277,11.08,1.8513933473579047
278,11.120000000000001,1.8545480598303228
279,11.16,1.850140033440437
280,11.200000000000001,1.8474229665867925
281,11.24,1.8573552286820607
282,11.28,1.8564983985009025
283,11.32,1.8534873798260367
284,11.36,1.847044566671348
285,11.4,1.851736462755253
286,11.44,1.8602141722042027
287,11.48,1.8518025653694967
288,11.52,1.855720733228852
289,11.56,1.8557582975037115
290,11.6,1.851187441073755
291,11.64,1.8527624273483645
292,11.68,1.8502143590791318
293,11.72,1.849071586364142
294,11.76,1.8505106019439639
295,11.8,1.8485663627545257
296,11.84,1.8517154835373844
297,11.88,1.849436166671391
298,11.92,1.8575324787436194
299,11.96,1.8548071102513575
300,12.0,1.8543449678150028
301,12.040000000000001,1.8565884309320797
302,12.08,1.8546603130885544
303,12.120000000000001,1.8517936356335207
304,12.16,1.8482201862024858
305,12.200000000000001,1.852551322362006
306,12.24,1.855520817057894
307,12.280000000000001,1.8502196088711171
308,12.32,1.8459661504676204
309,12.36,1.8538805075778744
310,12.4,1.8503053313786975
311,12.44,1.8485445289835543
312,12.48,1.8506527078732737
313,12.52,1.84622461955013
314,12.56,1.8489863683969905
315,12.6,1.854324438537386
316,12.64,1.8537389135444196
317,12.68,1.8515320604582572
318,12.72,1.8538903944358127
319,12.76,1.859259819826819
320,12.8,1.8547210777225174
321,12.84,1.8573535922522622
322,12.88,1.8564458888890432
323,12.92,1.8592854100695257
324,12.96,1.8563759796123633
325,13.0,1.8579975832326714
326,13.040000000000001,1.8602436915961738
327,13.08,1.8540626442408776
328,13.120000000000001,1.8618869280103678
329,13.16,1.863246400479179
330,13.200000000000001,1.8622220361731154
