joined_frame,run,frame_in_run
0,run_001,0
1,run_001,1
2,run_001,2
3,run_001,3
4,run_001,4
5,run_001,5
6,run_001,6
7,run_001,7
8,run_001,8
9,run_001,9
10,run_001,10
11,run_001,11
12,run_001,12
13,run_001,13
14,run_001,14
15,run_001,15
16,run_001,16
17,run_001,17
18,run_001,18
19,run_001,19
20,run_001,20
21,run_001,21
22,run_001,22
23,run_001,23
24,run_001,24
25,run_001,25
26,run_001,26
27,run_001,27
28,run_001,28
29,run_001,29
30,run_001,30
31,run_001,31
32,run_001,32
33,run_001,33
34,run_001,34
35,run_001,35
36,run_001,36
37,run_001,37
38,run_001,38
39,run_001,39
40,run_001,40
41,run_001,41
42,run_001,42
43,run_001,43
44,run_001,44
45,run_001,45
46,run_001,46
47,run_001,47
48,run_001,48
49,run_001,49
50,run_001,50
51,run_001,51
52,run_001,52
53,run_001,53
54,run_001,54
55,run_001,55
56,run_001,56
57,run_001,57
58,run_001,58
59,run_001,59
60,run_001,60
61,run_001,61
62,run_001,62
63,run_001,63
64,run_001,64
65,run_001,65
66,run_001,66
67,run_001,67
68,run_001,68
69,run_001,69
70,run_001,70
71,run_001,71
72,run_001,72
73,run_001,73
74,run_001,74
75,run_001,75
76,run_001,76
77,run_001,77
78,run_001,78
79,run_001,79
80,run_001,80
81,run_001,81
82,run_001,82
83,run_001,83
84,run_001,84
85,run_001,85
86,run_001,86
87,run_001,87
88,run_001,88
89,run_001,89
90,run_001,90
91,run_001,91
92,run_001,92
93,run_001,93
94,run_001,94
95,run_001,95
96,run_001,96
97,run_001,97
98,run_001,98
99,run_001,99
100,run_001,100
101,run_001,101
102,run_001,102
103,run_001,103
104,run_001,104
105,run_001,105
106,run_001,106
107,run_001,107
108,run_001,108
109,run_001,109
110,run_001,110
111,run_001,111
112,run_001,112
113,run_001,113
114,run_001,114
115,run_001,115
116,run_001,116
117,run_001,117
118,run_001,118
119,run_001,119
120,run_001,120
121,run_001,121
122,run_001,122
123,run_001,123
124,run_001,124
125,run_001,125
126,run_001,126
127,run_001,127
128,run_001,128
129,run_001,129
130,run_001,130
131,run_001,131
132,run_001,132
133,run_001,133
134,run_001,134
135,run_001,135
136,run_001,136
137,run_001,137
138,run_001,138
139,run_001,139
140,run_001,140
141,run_001,141
142,run_001,142
143,run_001,143
144,run_001,144
145,run_001,145
146,run_001,146
147,run_001,147
148,run_001,148
149,run_001,149
150,run_001,150
151,run_001,151
152,run_001,152
153,run_001,153
154,run_001,154
155,run_001,155
156,run_001,156
157,run_001,157
158,run_001,158
159,run_001,159
160,run_001,160
161,run_001,161
162,run_001,162
163,run_001,163
164,run_001,164
165,run_001,165
166,run_001,166
167,run_001,167
168,run_001,168
169,run_001,169
170,run_001,170
171,run_001,171
172,run_001,172
173,run_001,173
174,run_001,174
175,run_001,175
176,run_001,176
177,run_001,177
178,run_001,178
179,run_001,179
180,run_001,180
181,run_001,181
182,run_001,182
183,run_001,183
184,run_001,184
185,run_001,185
186,run_001,186
187,run_001,187
188,run_001,188
189,run_001,189
190,run_001,190
191,run_001,191
192,run_001,192
193,run_001,193
194,run_001,194
195,run_001,195
196,run_001,196
197,run_001,197
198,run_001,198
199,run_001,199
200,run_001,200
201,run_001,201
202,run_001,202
203,run_001,203
204,run_001,204
205,run_001,205
206,run_001,206
207,run_001,207
208,run_001,208
209,run_001,209
210,run_001,210
211,run_001,211
212,run_001,212
213,run_001,213
214,run_001,214
215,run_001,215
216,run_001,216
217,run_001,217
218,run_001,218
219,run_001,219
220,run_001,220
221,run_001,221
222,run_001,222
223,run_001,223
224,run_001,224
225,run_001,225
226,run_001,226
227,run_001,227
228,run_001,228
229,run_001,229
230,run_001,230
231,run_001,231
232,run_001,232
233,run_001,233
234,run_001,234
235,run_001,235
236,run_001,236
237,run_001,237
238,run_001,238
239,run_001,239
240,run_001,240
241,run_001,241
242,run_001,242
243,run_001,243
244,run_001,244
245,run_001,245
246,run_001,246
247,run_001,247
248,run_001,248
249,run_001,249
250,run_001,250
251,run_001,251
252,run_001,252
253,run_001,253
254,run_001,254
255,run_001,255
256,run_001,256
257,run_001,257
258,run_001,258
259,run_001,259
260,run_001,260
261,run_001,261
262,run_001,262
263,run_001,263
264,run_001,264
265,run_001,265
266,run_001,266
267,run_001,267
268,run_001,268
269,run_001,269
270,run_001,270
271,run_001,271
272,run_001,272
273,run_001,273
274,run_001,274
275,run_001,275
276,run_001,276
277,run_001,277
278,run_001,278
279,run_001,279
280,run_001,280
281,run_001,281
282,run_001,282
283,run_001,283
284,run_001,284
285,run_001,285
286,run_001,286
287,run_001,287
288,run_001,288
289,run_001,289
290,run_001,290
291,run_001,291
292,run_001,292
293,run_001,293
294,run_001,294
295,run_001,295
296,run_001,296
297,run_001,297
298,run_001,298
299,run_001,299
300,run_001,300
301,run_001,301
302,run_001,302
303,run_001,303
304,run_001,304
305,run_001,305
306,run_001,306
307,run_001,307
308,run_001,308
309,run_001,309
310,run_001,310
311,run_001,311
312,run_001,312
313,run_001,313
314,run_001,314
315,run_001,315
316,run_001,316
317,run_001,317
318,run_001,318
319,run_001,319
320,run_001,320
321,run_001,321
322,run_001,322
323,run_001,323
324,run_001,324
325,run_001,325
326,run_001,326
327,run_001,327
328,run_001,328
329,run_001,329
330,run_001,330
331,run_001,331
332,run_001,332
333,run_001,333
334,run_001,334
335,run_001,335
336,run_001,336
337,run_001,337
338,run_001,338
339,run_001,339
340,run_001,340
341,run_001,341
342,run_001,342
343,run_001,343
344,run_001,344
345,run_001,345
346,run_001,346
347,run_001,347
348,run_001,348
349,run_001,349
350,run_001,350
351,run_001,351
352,run_001,352
353,run_001,353
354,run_001,354
355,run_001,355
356,run_001,356
357,run_001,357
358,run_001,358
359,run_001,359
360,run_001,360
361,run_001,361
362,run_001,362
363,run_001,363
364,run_001,364
365,run_001,365
366,run_001,366
367,run_001,367
368,run_001,368
369,run_001,369
370,run_001,370
371,run_001,371
372,run_001,372
373,run_001,373
374,run_001,374
375,run_001,375
376,run_001,376
377,run_001,377
378,run_001,378
379,run_001,379
380,run_001,380
381,run_001,381
382,run_001,382
383,run_001,383
384,run_001,384
385,run_001,385
386,run_001,386
387,run_001,387
388,run_001,388
389,run_001,389
390,run_001,390
391,run_001,391
392,run_001,392
393,run_001,393
394,run_001,394
395,run_001,395
396,run_001,396
397,run_001,397
398,run_001,398
399,run_001,399
400,run_001,400
401,run_001,401
402,run_001,402
403,run_001,403
404,run_001,404
405,run_001,405
406,run_001,406
407,run_002,0
408,run_002,1
409,run_002,2
410,run_002,3
411,run_002,4
412,run_002,5
413,run_002,6
414,run_002,7
415,run_002,8
416,run_002,9
417,run_002,10
418,run_002,11
419,run_002,12
420,run_002,13
421,run_002,14
422,run_002,15
423,run_002,16
424,run_002,17
425,run_002,18
426,run_002,19
427,run_002,20
428,run_002,21
429,run_002,22
430,run_002,23
431,run_002,24
432,run_002,25
433,run_002,26
434,run_002,27
435,run_002,28
436,run_002,29
437,run_002,30
438,run_002,31
439,run_002,32
440,run_002,33
441,run_002,34
442,run_002,35
443,run_002,36
444,run_002,37
445,run_002,38
446,run_002,39
447,run_002,40
448,run_002,41
449,run_002,42
450,run_002,43
451,run_002,44
452,run_002,45
453,run_002,46
454,run_002,47
455,run_002,48
456,run_002,49
457,run_002,50
458,run_002,51
459,run_002,52
460,run_002,53
461,run_002,54
462,run_002,55
463,run_002,56
464,run_002,57
465,run_002,58
466,run_002,59
467,run_002,60
468,run_002,61
469,run_002,62
470,run_002,63
471,run_002,64
472,run_002,65
473,run_002,66
474,run_002,67
475,run_002,68
476,run_002,69
477,run_002,70
478,run_002,71
479,run_002,72
480,run_002,73
481,run_002,74
482,run_002,75
483,run_002,76
484,run_002,77
485,run_002,78
486,run_002,79
487,run_002,80
488,run_002,81
489,run_002,82
490,run_002,83
491,run_002,84
492,run_002,85
493,run_002,86
494,run_002,87
495,run_002,88
496,run_002,89
497,run_002,90
498,run_002,91
499,run_002,92
500,run_002,93
501,run_002,94
502,run_002,95
503,run_002,96
504,run_002,97
505,run_002,98
506,run_002,99
507,run_002,100
508,run_002,101
509,run_002,102
510,run_002,103
511,run_002,104
512,run_002,105
513,run_002,106
514,run_002,107
515,run_002,108
516,run_002,109
517,run_002,110
518,run_002,111
519,run_002,112
520,run_002,113
521,run_002,114
522,run_002,115
523,run_002,116
524,run_002,117
525,run_002,118
526,run_002,119
527,run_002,120
528,run_002,121
529,run_002,122
530,run_002,123
531,run_002,124
532,run_002,125
533,run_002,126
534,run_002,127
535,run_002,128
536,run_002,129
537,run_002,130
538,run_002,131
539,run_002,132
540,run_002,133
541,run_002,134
542,run_002,135
543,run_002,136
544,run_002,137
545,run_002,138
546,run_002,139
547,run_002,140
548,run_002,141
549,run_002,142
550,run_002,143
551,run_002,144
552,run_002,145
553,run_002,146
554,run_002,147
555,run_002,148
556,run_002,149
557,run_002,150
558,run_002,151
559,run_002,152
560,run_002,153
561,run_002,154
562,run_002,155
563,run_002,156
564,run_002,157
565,run_002,158
566,run_002,159
567,run_002,160
568,run_002,161
569,run_002,162
570,run_002,163
571,run_002,164
572,run_002,165
573,run_002,166
574,run_002,167
575,run_002,168
576,run_002,169
577,run_002,170
578,run_002,171
579,run_002,172
580,run_002,173
581,run_002,174
582,run_002,175
583,run_002,176
584,run_002,177
585,run_002,178
586,run_002,179
587,run_002,180
588,run_002,181
589,run_002,182
590,run_002,183
591,run_002,184
592,run_002,185
593,run_002,186
594,run_002,187
595,run_002,188
596,run_002,189
597,run_002,190
598,run_002,191
599,run_002,192
600,run_002,193
601,run_002,194
602,run_002,195
603,run_002,196
604,run_002,197
605,run_002,198
606,run_002,199
607,run_002,200
608,run_002,201
609,run_002,202
610,run_002,203
611,run_002,204
612,run_002,205
613,run_002,206
614,run_002,207
615,run_002,208
616,run_002,209
617,run_002,210
618,run_002,211
619,run_002,212
620,run_002,213
621,run_002,214
622,run_002,215
623,run_002,216
624,run_002,217
625,run_002,218
626,run_002,219
627,run_002,220
628,run_002,221
629,run_002,222
630,run_002,223
631,run_002,224
632,run_002,225
633,run_002,226
634,run_002,227
635,run_002,228
636,run_002,229
637,run_002,230
638,run_002,231
639,run_002,232
640,run_002,233
641,run_002,234
642,run_002,235
643,run_002,236
644,run_002,237
645,run_002,238
646,run_002,239
647,run_002,240
648,run_002,241
649,run_002,242
650,run_002,243
651,run_002,244
652,run_002,245
653,run_002,246
654,run_002,247
655,run_002,248
656,run_002,249
657,run_002,250
658,run_002,251
659,run_002,252
660,run_002,253
661,run_002,254
662,run_002,255
663,run_002,256
664,run_002,257
665,run_002,258
666,run_002,259
667,run_002,260
668,run_002,261
669,run_002,262
670,run_002,263
671,run_002,264
672,run_002,265
673,run_002,266
674,run_002,267
675,run_002,268
676,run_002,269
677,run_002,270
678,run_002,271
679,run_002,272
680,run_002,273
681,run_002,274
682,run_002,275
683,run_002,276
684,run_002,277
685,run_002,278
686,run_002,279
687,run_002,280
688,run_002,281
689,run_002,282
690,run_002,283
691,run_002,284
692,run_002,285
693,run_002,286
694,run_002,287
695,run_002,288
696,run_002,289
697,run_002,290
698,run_002,291
699,run_002,292
700,run_002,293
701,run_002,294
702,run_002,295
703,run_002,296
704,run_002,297
705,run_002,298
706,run_002,299
707,run_002,300
708,run_002,301
709,run_002,302
710,run_002,303
711,run_002,304
712,run_002,305
713,run_002,306
714,run_002,307
715,run_002,308
716,run_002,309
717,run_002,310
718,run_002,311
719,run_002,312
720,run_002,313
721,run_002,314
722,run_002,315
723,run_002,316
724,run_002,317
725,run_002,318
726,run_002,319
727,run_002,320
728,run_002,321
729,run_002,322
730,run_002,323
731,run_002,324
732,run_002,325
733,run_002,326
734,run_002,327
735,run_002,328
736,run_002,329
737,run_002,330
738,run_002,331
739,run_002,332
740,run_002,333
741,run_002,334
742,run_002,335
743,run_002,336
744,run_002,337
745,run_002,338
746,run_002,339
747,run_002,340
748,run_002,341
749,run_002,342
750,run_002,343
751,run_002,344
752,run_002,345
753,run_002,346
754,run_002,347
755,run_002,348
756,run_002,349
757,run_002,350
758,run_002,351
759,run_002,352
760,run_002,353
761,run_002,354
762,run_002,355
763,run_002,356
764,run_002,357
765,run_002,358
766,run_002,359
767,run_002,360
768,run_002,361
769,run_002,362
770,run_002,363
771,run_002,364
772,run_002,365
773,run_002,366
774,run_002,367
775,run_002,368
776,run_002,369
777,run_002,370
778,run_002,371
779,run_002,372
780,run_002,373
781,run_002,374
782,run_002,375
783,run_002,376
784,run_002,377
785,run_002,378
786,run_002,379
787,run_002,380
788,run_002,381
789,run_002,382
790,run_002,383
791,run_002,384
792,run_002,385
793,run_002,386
794,run_002,387
795,run_002,388
796,run_002,389
797,run_002,390
798,run_002,391
799,run_002,392
800,run_002,393
801,run_002,394
802,run_002,395
803,run_002,396
804,run_002,397
805,run_002,398
806,run_002,399
807,run_002,400
808,run_002,401
809,run_002,402
810,run_003,0
811,run_003,1
812,run_003,2
813,run_003,3
814,run_003,4
815,run_003,5
816,run_003,6
817,run_003,7
818,run_003,8
819,run_003,9
820,run_003,10
821,run_003,11
822,run_003,12
823,run_003,13
824,run_003,14
825,run_003,15
826,run_003,16
827,run_003,17
828,run_003,18
829,run_003,19
830,run_003,20
831,run_003,21
832,run_003,22
833,run_003,23
834,run_003,24
835,run_003,25
836,run_003,26
837,run_003,27
838,run_003,28
839,run_003,29
840,run_003,30
841,run_003,31
842,run_003,32
843,run_003,33
844,run_003,34
845,run_003,35
846,run_003,36
847,run_003,37
848,run_003,38
849,run_003,39
850,run_003,40
851,run_003,41
852,run_003,42
853,run_003,43
854,run_003,44
855,run_003,45
856,run_003,46
857,run_003,47
858,run_003,48
859,run_003,49
860,run_003,50
861,run_003,51
862,run_003,52
863,run_003,53
864,run_003,54
865,run_003,55
866,run_003,56
867,run_003,57
868,run_003,58
869,run_003,59
870,run_003,60
871,run_003,61
872,run_003,62
873,run_003,63
874,run_003,64
875,run_003,65
876,run_003,66
877,run_003,67
878,run_003,68
879,run_003,69
880,run_003,70
881,run_003,71
882,run_003,72
883,run_003,73
884,run_003,74
885,run_003,75
886,run_003,76
887,run_003,77
888,run_003,78
889,run_003,79
890,run_003,80
891,run_003,81
892,run_003,82
893,run_003,83
894,run_003,84
895,run_003,85
896,run_003,86
897,run_003,87
898,run_003,88
899,run_003,89
900,run_003,90
901,run_003,91
902,run_003,92
903,run_003,93
904,run_003,94
905,run_003,95
906,run_003,96
907,run_003,97
908,run_003,98
909,run_003,99
910,run_003,100
911,run_003,101
912,run_003,102
913,run_003,103
914,run_003,104
915,run_003,105
916,run_003,106
917,run_003,107
918,run_003,108
919,run_003,109
920,run_003,110
921,run_003,111
922,run_003,112
923,run_003,113
924,run_003,114
925,run_003,115
926,run_003,116
927,run_003,117
928,run_003,118
929,run_003,119
930,run_003,120
931,run_003,121
932,run_003,122
933,run_003,123
934,run_003,124
935,run_003,125
936,run_003,126
937,run_003,127
938,run_003,128
939,run_003,129
940,run_003,130
941,run_003,131
942,run_003,132
943,run_003,133
944,run_003,134
945,run_003,135
946,run_003,136
947,run_003,137
948,run_003,138
949,run_003,139
950,run_003,140
951,run_003,141
952,run_003,142
953,run_003,143
954,run_003,144
955,run_003,145
956,run_003,146
957,run_003,147
958,run_003,148
959,run_003,149
960,run_003,150
961,run_003,151
962,run_003,152
963,run_003,153
964,run_003,154
965,run_003,155
966,run_003,156
967,run_003,157
968,run_003,158
969,run_003,159
970,run_003,160
971,run_003,161
972,run_003,162
973,run_003,163
974,run_003,164
975,run_003,165
976,run_003,166
977,run_003,167
978,run_003,168
979,run_003,169
980,run_003,170
981,run_003,171
982,run_003,172
983,run_003,173
984,run_003,174
985,run_003,175
986,run_003,176
987,run_003,177
988,run_003,178
989,run_003,179
990,run_003,180
991,run_003,181
992,run_003,182
993,run_003,183
994,run_003,184
995,run_003,185
