frame,time_ns,n_ligand_hydrogen_bonds
0,0.0,4
1,0.04,5
2,0.08,5
3,0.12,5
4,0.16,4
5,0.2,4
6,0.24,4
7,0.28,5
8,0.32,5
9,0.36,6
10,0.4,4
11,0.44,5
12,0.48,7
13,0.52,6
14,0.56,6
15,0.6,7
16,0.64,6
17,0.68,6
18,0.72,7
19,0.76,6
20,0.8,7
21,0.84,7
22,0.88,6
23,0.92,7
24,0.96,5
25,1.0,6
26,1.04,7
27,1.08,8
28,1.12,7
29,1.16,7
30,1.2,7
31,1.24,7
32,1.28,7
33,1.32,7
34,1.36,7
35,1.4000000000000001,7
36,1.44,7
37,1.48,7
38,1.52,8
39,1.56,7
40,1.6,7
41,1.6400000000000001,7
42,1.68,8
43,1.72,8
44,1.76,8
45,1.8,8
46,1.84,7
47,1.8800000000000001,7
48,1.92,7
49,1.96,7
50,2.0,7
51,2.04,8
52,2.08,7
53,2.12,7
54,2.16,8
55,2.2,8
56,2.24,8
57,2.2800000000000002,8
58,2.32,8
59,2.36,8
60,2.4,7
61,2.44,8
62,2.48,8
63,2.52,8
64,2.56,8
65,2.6,8
66,2.64,8
67,2.68,8
68,2.72,8
69,2.7600000000000002,8
70,2.8000000000000003,8
71,2.84,8
72,2.88,7
73,2.92,8
74,2.96,8
75,3.0,6
76,3.04,8
77,3.08,8
78,3.12,8
79,3.16,8
80,3.2,8
81,3.24,8
82,3.2800000000000002,8
83,3.3200000000000003,8
84,3.36,8
85,3.4,8
86,3.44,8
87,3.48,7
88,3.52,8
89,3.56,8
90,3.6,8
91,3.64,8
92,3.68,7
93,3.72,7
94,3.7600000000000002,7
95,3.8000000000000003,7
96,3.84,7
97,3.88,7
98,3.92,7
99,3.96,8
100,4.0,7
101,4.04,5
102,4.08,6
103,4.12,7
104,4.16,7
105,4.2,7
106,4.24,7
107,4.28,8
108,4.32,8
109,4.36,7
110,4.4,8
111,4.44,8
112,4.48,8
113,4.5200000000000005,7
114,4.5600000000000005,8
115,4.6000000000000005,8
116,4.64,6
117,4.68,7
118,4.72,7
119,4.76,7
120,4.8,8
121,4.84,7
122,4.88,7
123,4.92,7
124,4.96,7
125,5.0,8
126,5.04,7
127,5.08,8
128,5.12,8
129,5.16,7
130,5.2,7
131,5.24,7
132,5.28,7
133,5.32,7
134,5.36,7
135,5.4,7
136,5.44,7
137,5.48,6
138,5.5200000000000005,7
139,5.5600000000000005,6
140,5.6000000000000005,7
141,5.64,8
142,5.68,6
143,5.72,8
144,5.76,6
145,5.8,7
146,5.84,6
147,5.88,7
148,5.92,7
149,5.96,7
150,6.0,7
151,6.04,6
152,6.08,7
153,6.12,8
154,6.16,8
155,6.2,7
156,6.24,8
157,6.28,7
158,6.32,7
159,6.36,7
160,6.4,7
161,6.44,7
162,6.48,5
163,6.5200000000000005,7
164,6.5600000000000005,7
165,6.6000000000000005,6
166,6.640000000000001,7
167,6.68,7
168,6.72,7
169,6.76,7
170,6.8,7
171,6.84,7
172,6.88,8
173,6.92,8
174,6.96,7
175,7.0,8
176,7.04,7
177,7.08,8
178,7.12,8
179,7.16,7
180,7.2,8
181,7.24,8
182,7.28,6
183,7.32,8
184,7.36,7
185,7.4,7
186,7.44,8
187,7.48,8
188,7.5200000000000005,8
189,7.5600000000000005,8
190,7.6000000000000005,7
191,7.640000000000001,7
192,7.68,7
193,7.72,6
194,7.76,6
195,7.8,7
196,7.84,6
197,7.88,7
198,7.92,8
199,7.96,5
200,8.0,7
201,8.040000000000001,7
202,8.08,7
203,8.120000000000001,7
204,8.16,6
205,8.2,7
206,8.24,7
207,8.28,8
208,8.32,7
209,8.36,7
210,8.4,8
211,8.44,8
212,8.48,7
213,8.52,7
214,8.56,8
215,8.6,8
216,8.64,8
217,8.68,8
218,8.72,7
219,8.76,8
220,8.8,8
221,8.84,8
222,8.88,8
223,8.92,8
224,8.96,8
225,9.0,8
226,9.040000000000001,8
227,9.08,7
228,9.120000000000001,8
229,9.16,8
230,9.200000000000001,8
231,9.24,8
232,9.28,8
233,9.32,8
234,9.36,8
235,9.4,8
236,9.44,8
237,9.48,8
238,9.52,9
239,9.56,8
240,9.6,7
241,9.64,8
242,9.68,7
243,9.72,7
244,9.76,7
245,9.8,8
246,9.84,7
247,9.88,8
248,9.92,7
249,9.96,8
250,10.0,7
251,10.040000000000001,8
252,10.08,7
253,10.120000000000001,8
254,10.16,8
255,10.200000000000001,6
256,10.24,6
257,10.28,8
258,10.32,8
259,10.36,8
260,10.4,6
261,10.44,8
262,10.48,8
263,10.52,8
264,10.56,8
265,10.6,8
266,10.64,8
267,10.68,8
268,10.72,8
269,10.76,7
270,10.8,6
271,10.84,6
272,10.88,6
273,10.92,6
274,10.96,6
275,11.0,5
276,11.040000000000001,7
277,11.08,6
278,11.120000000000001,7
279,11.16,7
280,11.200000000000001,6
281,11.24,7
282,11.28,6
283,11.32,8
284,11.36,7
285,11.4,7
286,11.44,7
287,11.48,7
288,11.52,7
289,11.56,7
290,11.6,6
291,11.64,6
292,11.68,5
293,11.72,6
294,11.76,5
295,11.8,5
296,11.84,5
297,11.88,6
298,11.92,5
299,11.96,6
300,12.0,4
301,12.040000000000001,5
302,12.08,4
303,12.120000000000001,5
304,12.16,6
305,12.200000000000001,6
306,12.24,6
307,12.280000000000001,6
308,12.32,6
309,12.36,6
310,12.4,6
311,12.44,4
312,12.48,7
313,12.52,7
314,12.56,7
315,12.6,6
316,12.64,6
317,12.68,6
318,12.72,6
319,12.76,6
320,12.8,7
321,12.84,7
322,12.88,6
323,12.92,6
324,12.96,7
325,13.0,7
326,13.040000000000001,7
327,13.08,7
328,13.120000000000001,6
329,13.16,7
330,13.200000000000001,7
331,13.24,7
332,13.280000000000001,6
333,13.32,6
334,13.36,7
335,13.4,7
336,13.44,7
337,13.48,7
338,13.52,7
339,13.56,5
340,13.6,7
341,13.64,7
342,13.68,7
343,13.72,7
344,13.76,7
345,13.8,6
346,13.84,7
347,13.88,6
348,13.92,7
349,13.96,7
350,14.0,6
351,14.040000000000001,7
352,14.08,5
353,14.120000000000001,6
354,14.16,7
355,14.200000000000001,7
356,14.24,8
357,14.280000000000001,8
358,14.32,8
359,14.36,7
360,14.4,7
361,14.44,7
362,14.48,7
363,14.52,7
364,14.56,7
365,14.6,7
366,14.64,6
367,14.68,6
368,14.72,5
369,14.76,5
370,14.8,4
371,14.84,6
372,14.88,7
373,14.92,7
374,14.96,8
375,15.0,8
376,15.040000000000001,8
377,15.08,7
378,15.120000000000001,7
379,15.16,6
380,15.200000000000001,7
381,15.24,8
382,15.280000000000001,7
383,15.32,7
384,15.36,7
385,15.4,7
386,15.44,5
387,15.48,6
388,15.52,7
389,15.56,8
390,15.6,5
391,15.64,7
392,15.68,7
393,15.72,7
394,15.76,7
395,15.8,6
396,15.84,7
397,15.88,7
398,15.92,7
399,15.96,7
400,16.0,7
401,16.04,8
402,16.080000000000002,7
403,16.12,7
404,16.16,7
405,16.2,6
406,16.240000000000002,5
407,16.28,6
408,16.32,7
409,16.36,6
410,16.4,4
411,16.44,5
412,16.48,6
413,16.52,5
414,16.56,6
415,16.6,5
416,16.64,6
417,16.68,6
418,16.72,5
419,16.76,6
420,16.8,6
421,16.84,5
422,16.88,6
423,16.92,5
424,16.96,6
425,17.0,4
426,17.04,5
427,17.080000000000002,5
428,17.12,4
429,17.16,6
430,17.2,5
431,17.240000000000002,5
432,17.28,7
433,17.32,6
434,17.36,8
435,17.400000000000002,4
436,17.44,6
437,17.48,7
438,17.52,6
439,17.56,5
440,17.6,6
441,17.64,6
442,17.68,6
443,17.72,6
444,17.76,6
445,17.8,7
446,17.84,7
447,17.88,6
448,17.92,6
449,17.96,6
450,18.0,7
451,18.04,7
452,18.080000000000002,7
453,18.12,7
454,18.16,7
455,18.2,7
456,18.240000000000002,7
457,18.28,7
458,18.32,7
459,18.36,6
460,18.400000000000002,7
461,18.44,6
462,18.48,6
463,18.52,7
464,18.56,7
465,18.6,8
466,18.64,8
467,18.68,8
468,18.72,7
469,18.76,7
470,18.8,7
471,18.84,6
472,18.88,6
473,18.92,5
474,18.96,5
475,19.0,7
476,19.04,7
477,19.080000000000002,7
478,19.12,7
479,19.16,7
480,19.2,8
481,19.240000000000002,6
482,19.28,7
483,19.32,6
484,19.36,7
485,19.400000000000002,6
486,19.44,5
487,19.48,4
488,19.52,4
489,19.56,4
490,19.6,5
491,19.64,6
492,19.68,7
493,19.72,6
494,19.76,5
495,19.8,6
496,19.84,6
497,19.88,7
498,19.92,6
499,19.96,6
500,20.0,4
501,20.04,7
502,20.080000000000002,5
503,20.12,6
504,20.16,6
505,20.2,6
506,20.240000000000002,6
507,20.28,5
508,20.32,6
509,20.36,5
510,20.400000000000002,5
511,20.44,5
512,20.48,4
513,20.52,5
514,20.56,6
515,20.6,4
516,20.64,5
517,20.68,7
518,20.72,6
519,20.76,6
520,20.8,5
521,20.84,5
522,20.88,6
523,20.92,8
524,20.96,6
525,21.0,6
526,21.04,6
527,21.080000000000002,5
528,21.12,6
529,21.16,4
530,21.2,7
531,21.240000000000002,5
532,21.28,6
533,21.32,5
534,21.36,5
535,21.400000000000002,6
536,21.44,6
537,21.48,6
538,21.52,6
539,21.56,6
540,21.6,5
541,21.64,5
542,21.68,7
543,21.72,6
544,21.76,8
545,21.8,6
546,21.84,5
547,21.88,6
548,21.92,6
549,21.96,5
550,22.0,7
551,22.04,6
552,22.080000000000002,5
553,22.12,4
554,22.16,7
555,22.2,7
556,22.240000000000002,7
557,22.28,7
558,22.32,7
559,22.36,7
560,22.400000000000002,7
561,22.44,6
562,22.48,6
563,22.52,7
564,22.56,7
565,22.6,6
566,22.64,7
567,22.68,7
568,22.72,5
569,22.76,7
570,22.8,7
571,22.84,6
572,22.88,7
573,22.92,7
574,22.96,7
575,23.0,7
576,23.04,7
577,23.080000000000002,7
578,23.12,7
579,23.16,7
580,23.2,7
581,23.240000000000002,6
582,23.28,7
583,23.32,7
584,23.36,6
585,23.400000000000002,7
586,23.44,7
587,23.48,7
588,23.52,7
589,23.56,7
590,23.6,7
591,23.64,7
592,23.68,7
593,23.72,6
594,23.76,6
595,23.8,7
596,23.84,7
597,23.88,8
598,23.92,7
599,23.96,7
600,24.0,8
601,24.04,8
602,24.080000000000002,8
603,24.12,7
604,24.16,7
605,24.2,6
606,24.240000000000002,8
607,24.28,8
608,24.32,5
609,24.36,7
610,24.400000000000002,7
611,24.44,7
612,24.48,7
613,24.52,6
614,24.560000000000002,7
615,24.6,7
616,24.64,6
617,24.68,6
618,24.72,7
619,24.76,7
620,24.8,7
621,24.84,7
622,24.88,6
623,24.92,6
624,24.96,6
625,25.0,6
626,25.04,7
627,25.080000000000002,7
628,25.12,6
629,25.16,6
630,25.2,4
631,25.240000000000002,5
632,25.28,5
633,25.32,4
634,25.36,4
635,25.400000000000002,6
636,25.44,4
637,25.48,6
638,25.52,5
639,25.560000000000002,4
640,25.6,6
641,25.64,5
642,25.68,5
643,25.72,5
644,25.76,6
645,25.8,4
646,25.84,5
647,25.88,6
648,25.92,6
649,25.96,6
650,26.0,7
651,26.04,6
652,26.080000000000002,5
653,26.12,6
654,26.16,4
655,26.2,6
656,26.240000000000002,6
657,26.28,5
658,26.32,7
659,26.36,6
660,26.400000000000002,6
661,26.44,7
662,26.48,6
663,26.52,6
664,26.560000000000002,7
665,26.6,7
666,26.64,7
667,26.68,7
668,26.72,6
669,26.76,6
670,26.8,7
671,26.84,7
672,26.88,6
673,26.92,6
674,26.96,6
675,27.0,6
676,27.04,6
677,27.080000000000002,7
678,27.12,7
679,27.16,6
680,27.2,7
681,27.240000000000002,6
682,27.28,6
683,27.32,8
684,27.36,7
685,27.400000000000002,7
686,27.44,7
687,27.48,8
688,27.52,8
689,27.560000000000002,8
690,27.6,6
691,27.64,9
692,27.68,8
693,27.72,8
694,27.76,8
695,27.8,8
696,27.84,8
697,27.88,8
698,27.92,8
699,27.96,8
700,28.0,7
701,28.04,7
702,28.080000000000002,7
703,28.12,7
704,28.16,7
705,28.2,8
706,28.240000000000002,7
707,28.28,7
708,28.32,6
709,28.36,7
710,28.400000000000002,6
711,28.44,7
712,28.48,9
713,28.52,8
714,28.560000000000002,8
715,28.6,7
716,28.64,7
717,28.68,7
718,28.72,8
719,28.76,8
720,28.8,7
721,28.84,6
722,28.88,7
723,28.92,7
724,28.96,7
725,29.0,6
726,29.04,7
727,29.080000000000002,5
728,29.12,6
729,29.16,5
730,29.2,6
731,29.240000000000002,6
732,29.28,6
733,29.32,5
734,29.36,5
735,29.400000000000002,6
736,29.44,4
737,29.48,5
738,29.52,5
739,29.560000000000002,5
740,29.6,5
741,29.64,6
742,29.68,6
743,29.72,6
744,29.76,5
745,29.8,6
746,29.84,6
747,29.88,4
748,29.92,6
749,29.96,6
750,30.0,6
751,30.04,6
752,30.080000000000002,6
753,30.12,6
754,30.16,5
755,30.2,6
756,30.240000000000002,6
757,30.28,6
758,30.32,6
759,30.36,6
760,30.400000000000002,6
761,30.44,5
762,30.48,5
763,30.52,5
764,30.560000000000002,6
765,30.6,6
766,30.64,5
767,30.68,6
768,30.72,6
769,30.76,4
770,30.8,6
771,30.84,5
772,30.88,6
773,30.92,6
774,30.96,4
775,31.0,5
776,31.04,5
777,31.080000000000002,5
778,31.12,6
779,31.16,5
780,31.2,6
781,31.240000000000002,6
782,31.28,5
783,31.32,6
784,31.36,3
785,31.400000000000002,5
786,31.44,5
787,31.48,6
788,31.52,5
789,31.560000000000002,5
790,31.6,6
791,31.64,6
792,31.68,6
793,31.720000000000002,5
794,31.76,6
795,31.8,6
796,31.84,4
797,31.88,5
798,31.92,5
799,31.96,6
800,32.0,6
801,32.04,5
802,32.08,6
803,32.12,5
804,32.160000000000004,6
805,32.2,6
806,32.24,5
807,32.28,5
808,32.32,6
809,32.36,5
810,32.4,5
811,32.44,6
812,32.480000000000004,5
813,32.52,6
814,32.56,5
815,32.6,6
816,32.64,6
817,32.68,5
818,32.72,6
819,32.76,6
820,32.8,6
821,32.84,6
822,32.88,5
823,32.92,5
824,32.96,5
825,33.0,4
826,33.04,3
827,33.08,3
828,33.12,3
829,33.160000000000004,3
830,33.2,3
831,33.24,6
832,33.28,5
833,33.32,6
834,33.36,6
835,33.4,5
836,33.44,6
837,33.480000000000004,6
838,33.52,5
839,33.56,5
840,33.6,6
841,33.64,6
842,33.68,6
843,33.72,6
844,33.76,5
845,33.8,6
846,33.84,5
847,33.88,6
848,33.92,5
849,33.96,4
850,34.0,4
851,34.04,3
852,34.08,4
853,34.12,6
854,34.160000000000004,5
855,34.2,6
856,34.24,6
857,34.28,5
858,34.32,6
859,34.36,4
860,34.4,6
861,34.44,4
862,34.480000000000004,6
863,34.52,6
864,34.56,5
865,34.6,6
866,34.64,6
867,34.68,6
868,34.72,4
869,34.76,6
870,34.800000000000004,6
871,34.84,6
872,34.88,6
873,34.92,5
874,34.96,6
875,35.0,6
876,35.04,6
877,35.08,4
878,35.12,5
879,35.160000000000004,5
880,35.2,6
881,35.24,5
882,35.28,5
883,35.32,6
884,35.36,6
885,35.4,6
886,35.44,5
887,35.480000000000004,6
888,35.52,6
889,35.56,6
890,35.6,5
891,35.64,5
892,35.68,6
893,35.72,4
894,35.76,5
895,35.800000000000004,6
896,35.84,6
897,35.88,4
898,35.92,4
899,35.96,6
900,36.0,6
901,36.04,3
902,36.08,4
903,36.12,4
904,36.160000000000004,4
905,36.2,4
906,36.24,4
907,36.28,4
908,36.32,4
909,36.36,4
910,36.4,3
911,36.44,3
912,36.480000000000004,4
913,36.52,4
914,36.56,4
915,36.6,4
916,36.64,4
917,36.68,3
918,36.72,3
919,36.76,4
920,36.800000000000004,4
921,36.84,4
922,36.88,4
923,36.92,4
924,36.96,4
925,37.0,4
926,37.04,5
927,37.08,3
928,37.12,4
929,37.160000000000004,4
930,37.2,4
931,37.24,4
932,37.28,4
933,37.32,4
934,37.36,4
935,37.4,4
936,37.44,5
937,37.480000000000004,4
938,37.52,2
939,37.56,2
940,37.6,2
941,37.64,2
942,37.68,2
943,37.72,3
944,37.76,2
945,37.800000000000004,4
946,37.84,4
947,37.88,4
948,37.92,5
949,37.96,4
950,38.0,2
951,38.04,2
952,38.08,2
953,38.12,2
954,38.160000000000004,2
955,38.2,3
956,38.24,2
957,38.28,2
958,38.32,2
959,38.36,3
960,38.4,2
961,38.44,2
962,38.480000000000004,2
963,38.52,2
964,38.56,2
965,38.6,2
966,38.64,2
967,38.68,2
968,38.72,2
969,38.76,2
970,38.800000000000004,3
971,38.84,2
972,38.88,2
973,38.92,3
974,38.96,2
975,39.0,2
976,39.04,2
977,39.08,2
978,39.12,2
979,39.160000000000004,2
980,39.2,2
981,39.24,2
982,39.28,2
983,39.32,2
984,39.36,2
985,39.4,2
986,39.44,1
987,39.480000000000004,2
988,39.52,2
989,39.56,2
990,39.6,2
991,39.64,4
992,39.68,4
993,39.72,3
994,39.76,3
995,39.800000000000004,4
996,39.84,4
997,39.88,2
998,39.92,3
999,39.96,4
1000,40.0,4
1001,40.04,5
1002,40.08,4
1003,40.12,2
1004,40.160000000000004,4
1005,40.2,4
1006,40.24,4
1007,40.28,2
1008,40.32,3
1009,40.36,4
1010,40.4,4
1011,40.44,4
1012,40.480000000000004,4
1013,40.52,4
1014,40.56,4
1015,40.6,4
1016,40.64,4
1017,40.68,4
1018,40.72,4
1019,40.76,2
1020,40.800000000000004,4
1021,40.84,4
1022,40.88,3
1023,40.92,4
1024,40.96,4
1025,41.0,5
1026,41.04,3
1027,41.08,4
1028,41.12,4
1029,41.160000000000004,4
1030,41.2,4
1031,41.24,4
1032,41.28,4
1033,41.32,5
1034,41.36,4
1035,41.4,6
1036,41.44,3
1037,41.480000000000004,4
1038,41.52,5
1039,41.56,4
1040,41.6,4
1041,41.64,3
1042,41.68,5
1043,41.72,5
1044,41.76,4
1045,41.800000000000004,5
1046,41.84,5
1047,41.88,5
1048,41.92,5
1049,41.96,5
1050,42.0,5
1051,42.04,5
1052,42.08,5
1053,42.12,5
1054,42.160000000000004,5
1055,42.2,5
1056,42.24,5
1057,42.28,5
1058,42.32,5
1059,42.36,6
1060,42.4,6
1061,42.44,5
1062,42.480000000000004,5
1063,42.52,4
1064,42.56,6
1065,42.6,5
1066,42.64,5
1067,42.68,5
1068,42.72,5
1069,42.76,5
1070,42.800000000000004,5
1071,42.84,5
1072,42.88,5
1073,42.92,6
1074,42.96,5
1075,43.0,5
1076,43.04,5
1077,43.08,5
1078,43.12,5
1079,43.160000000000004,5
1080,43.2,5
1081,43.24,5
1082,43.28,4
1083,43.32,5
1084,43.36,4
1085,43.4,5
1086,43.44,4
1087,43.480000000000004,4
1088,43.52,5
1089,43.56,5
1090,43.6,5
1091,43.64,5
1092,43.68,5
1093,43.72,5
1094,43.76,5
1095,43.800000000000004,5
1096,43.84,4
1097,43.88,5
1098,43.92,5
1099,43.96,5
1100,44.0,5
1101,44.04,5
1102,44.08,5
1103,44.12,5
1104,44.160000000000004,5
1105,44.2,5
1106,44.24,5
1107,44.28,5
1108,44.32,4
1109,44.36,4
1110,44.4,4
1111,44.44,4
1112,44.480000000000004,3
1113,44.52,3
1114,44.56,4
1115,44.6,4
1116,44.64,4
1117,44.68,3
1118,44.72,2
1119,44.76,2
1120,44.800000000000004,4
1121,44.84,4
1122,44.88,3
1123,44.92,3
1124,44.96,3
1125,45.0,3
1126,45.04,5
1127,45.08,4
1128,45.12,4
1129,45.160000000000004,4
1130,45.2,4
1131,45.24,4
1132,45.28,4
1133,45.32,5
1134,45.36,3
1135,45.4,4
1136,45.44,4
1137,45.480000000000004,5
1138,45.52,4
1139,45.56,4
1140,45.6,4
1141,45.64,3
1142,45.68,4
1143,45.72,4
1144,45.76,3
1145,45.800000000000004,4
1146,45.84,4
1147,45.88,3
1148,45.92,4
1149,45.96,4
1150,46.0,4
1151,46.04,4
1152,46.08,4
1153,46.12,3
1154,46.160000000000004,4
1155,46.2,3
1156,46.24,4
1157,46.28,4
1158,46.32,4
1159,46.36,3
1160,46.4,3
1161,46.44,5
1162,46.480000000000004,4
1163,46.52,4
1164,46.56,4
1165,46.6,4
1166,46.64,4
1167,46.68,4
1168,46.72,4
1169,46.76,4
1170,46.800000000000004,4
1171,46.84,4
1172,46.88,4
1173,46.92,4
1174,46.96,3
1175,47.0,4
1176,47.04,3
1177,47.08,4
1178,47.12,4
1179,47.160000000000004,4
1180,47.2,4
1181,47.24,4
1182,47.28,4
1183,47.32,4
1184,47.36,3
1185,47.4,4
1186,47.44,4
1187,47.480000000000004,4
1188,47.52,4
1189,47.56,4
1190,47.6,4
1191,47.64,4
1192,47.68,4
1193,47.72,4
1194,47.76,4
1195,47.800000000000004,3
1196,47.84,4
1197,47.88,4
1198,47.92,3
1199,47.96,4
1200,48.0,2
1201,48.04,3
1202,48.08,3
1203,48.120000000000005,5
1204,48.160000000000004,5
1205,48.2,5
1206,48.24,5
1207,48.28,5
1208,48.32,5
1209,48.36,5
1210,48.4,6
1211,48.44,5
1212,48.480000000000004,5
1213,48.52,5
1214,48.56,5
1215,48.6,5
1216,48.64,5
1217,48.68,5
1218,48.72,5
1219,48.76,5
1220,48.800000000000004,5
1221,48.84,4
1222,48.88,4
1223,48.92,4
1224,48.96,4
1225,49.0,4
1226,49.04,4
1227,49.08,4
1228,49.120000000000005,4
1229,49.160000000000004,4
1230,49.2,4
1231,49.24,4
1232,49.28,4
1233,49.32,4
1234,49.36,3
1235,49.4,3
1236,49.44,3
1237,49.480000000000004,4
1238,49.52,3
1239,49.56,3
1240,49.6,4
1241,49.64,3
1242,49.68,3
1243,49.72,4
1244,49.76,4
1245,49.800000000000004,4
1246,49.84,4
1247,49.88,4
1248,49.92,4
1249,49.96,5
1250,50.0,5
1251,50.04,5
1252,50.08,5
1253,50.120000000000005,5
1254,50.160000000000004,5
1255,50.2,4
1256,50.24,5
1257,50.28,5
1258,50.32,5
1259,50.36,5
1260,50.4,6
1261,50.44,5
1262,50.480000000000004,5
1263,50.52,5
1264,50.56,4
1265,50.6,4
1266,50.64,3
1267,50.68,3
1268,50.72,4
1269,50.76,4
1270,50.800000000000004,4
1271,50.84,4
1272,50.88,4
1273,50.92,4
1274,50.96,4
1275,51.0,4
1276,51.04,2
1277,51.08,3
1278,51.120000000000005,4
1279,51.160000000000004,4
1280,51.2,4
1281,51.24,4
1282,51.28,4
1283,51.32,3
1284,51.36,3
1285,51.4,3
1286,51.44,4
1287,51.480000000000004,3
1288,51.52,3
1289,51.56,4
1290,51.6,2
1291,51.64,2
1292,51.68,2
1293,51.72,1
1294,51.76,4
1295,51.800000000000004,4
1296,51.84,4
1297,51.88,4
1298,51.92,4
1299,51.96,4
1300,52.0,4
1301,52.04,3
1302,52.08,3
1303,52.120000000000005,4
1304,52.160000000000004,5
1305,52.2,5
1306,52.24,3
1307,52.28,4
1308,52.32,4
1309,52.36,4
1310,52.4,4
1311,52.44,4
1312,52.480000000000004,4
1313,52.52,4
1314,52.56,4
1315,52.6,4
1316,52.64,4
1317,52.68,3
1318,52.72,3
1319,52.76,3
1320,52.800000000000004,5
1321,52.84,4
1322,52.88,4
1323,52.92,4
1324,52.96,4
1325,53.0,4
1326,53.04,4
1327,53.08,4
1328,53.120000000000005,4
1329,53.160000000000004,4
1330,53.2,4
1331,53.24,4
1332,53.28,3
1333,53.32,4
1334,53.36,4
1335,53.4,6
1336,53.44,4
1337,53.480000000000004,4
1338,53.52,5
1339,53.56,5
1340,53.6,5
1341,53.64,5
1342,53.68,5
1343,53.72,5
1344,53.76,5
1345,53.800000000000004,5
1346,53.84,5
1347,53.88,5
1348,53.92,5
1349,53.96,5
1350,54.0,5
1351,54.04,5
1352,54.08,5
1353,54.120000000000005,4
1354,54.160000000000004,5
1355,54.2,5
1356,54.24,5
1357,54.28,6
1358,54.32,5
1359,54.36,5
1360,54.4,4
1361,54.44,3
1362,54.480000000000004,3
1363,54.52,4
1364,54.56,4
1365,54.6,4
1366,54.64,3
1367,54.68,5
1368,54.72,4
1369,54.76,6
1370,54.800000000000004,4
1371,54.84,4
1372,54.88,5
1373,54.92,4
1374,54.96,4
1375,55.0,4
1376,55.04,4
1377,55.08,4
1378,55.120000000000005,4
1379,55.160000000000004,4
1380,55.2,3
1381,55.24,3
1382,55.28,4
1383,55.32,4
1384,55.36,5
1385,55.4,5
1386,55.44,5
1387,55.480000000000004,5
1388,55.52,5
1389,55.56,4
1390,55.6,4
1391,55.64,6
1392,55.68,5
1393,55.72,5
1394,55.76,5
1395,55.800000000000004,5
1396,55.84,5
1397,55.88,4
1398,55.92,6
1399,55.96,5
1400,56.0,5
1401,56.04,4
1402,56.08,5
1403,56.120000000000005,5
1404,56.160000000000004,5
1405,56.2,5
1406,56.24,4
1407,56.28,5
1408,56.32,5
1409,56.36,5
1410,56.4,5
1411,56.44,4
1412,56.480000000000004,5
1413,56.52,6
1414,56.56,5
1415,56.6,5
1416,56.64,4
1417,56.68,5
1418,56.72,5
1419,56.76,5
1420,56.800000000000004,5
1421,56.84,5
1422,56.88,5
1423,56.92,6
1424,56.96,5
1425,57.0,6
1426,57.04,5
1427,57.08,5
1428,57.120000000000005,5
1429,57.160000000000004,5
1430,57.2,5
1431,57.24,5
1432,57.28,5
1433,57.32,5
1434,57.36,5
1435,57.4,5
1436,57.44,5
1437,57.480000000000004,5
1438,57.52,5
1439,57.56,4
1440,57.6,6
1441,57.64,6
1442,57.68,5
1443,57.72,5
1444,57.76,5
1445,57.800000000000004,5
1446,57.84,4
1447,57.88,3
1448,57.92,4
1449,57.96,3
1450,58.0,4
1451,58.04,4
1452,58.08,4
1453,58.120000000000005,4
1454,58.160000000000004,4
1455,58.2,4
1456,58.24,4
1457,58.28,5
1458,58.32,4
1459,58.36,5
1460,58.4,4
1461,58.44,5
1462,58.480000000000004,4
1463,58.52,4
1464,58.56,4
1465,58.6,3
1466,58.64,4
1467,58.68,4
1468,58.72,3
1469,58.76,6
1470,58.800000000000004,4
1471,58.84,4
1472,58.88,4
1473,58.92,4
1474,58.96,4
1475,59.0,4
1476,59.04,4
1477,59.08,4
1478,59.120000000000005,3
1479,59.160000000000004,4
1480,59.2,4
1481,59.24,3
1482,59.28,4
1483,59.32,5
1484,59.36,4
1485,59.4,4
1486,59.44,4
1487,59.480000000000004,5
1488,59.52,5
1489,59.56,5
1490,59.6,7
1491,59.64,6
1492,59.68,4
1493,59.72,5
1494,59.76,4
1495,59.800000000000004,4
1496,59.84,4
1497,59.88,4
1498,59.92,4
1499,59.96,5
1500,60.0,2
1501,60.04,3
1502,60.08,3
1503,60.120000000000005,4
1504,60.160000000000004,5
1505,60.2,4
1506,60.24,3
1507,60.28,4
1508,60.32,5
1509,60.36,3
1510,60.4,4
1511,60.44,4
1512,60.480000000000004,3
1513,60.52,4
1514,60.56,5
1515,60.6,4
1516,60.64,3
1517,60.68,2
1518,60.72,3
1519,60.76,4
1520,60.800000000000004,4
1521,60.84,5
1522,60.88,4
1523,60.92,4
1524,60.96,4
1525,61.0,4
1526,61.04,4
1527,61.08,4
1528,61.120000000000005,4
1529,61.160000000000004,4
1530,61.2,4
1531,61.24,4
1532,61.28,4
1533,61.32,4
1534,61.36,4
1535,61.4,4
1536,61.44,4
1537,61.480000000000004,3
1538,61.52,4
1539,61.56,5
1540,61.6,4
1541,61.64,4
1542,61.68,4
1543,61.72,4
1544,61.76,4
1545,61.800000000000004,3
1546,61.84,4
1547,61.88,4
1548,61.92,4
1549,61.96,4
1550,62.0,4
1551,62.04,4
1552,62.08,6
1553,62.120000000000005,4
1554,62.160000000000004,4
1555,62.2,3
1556,62.24,4
1557,62.28,4
1558,62.32,3
1559,62.36,4
1560,62.4,3
1561,62.440000000000005,2
1562,62.480000000000004,4
1563,62.52,4
1564,62.56,5
1565,62.6,4
1566,62.64,4
1567,62.68,4
1568,62.72,4
1569,62.76,4
1570,62.800000000000004,4
1571,62.84,4
1572,62.88,4
1573,62.92,4
1574,62.96,3
1575,63.0,4
1576,63.04,3
1577,63.08,5
1578,63.120000000000005,3
1579,63.160000000000004,3
1580,63.2,4
1581,63.24,4
1582,63.28,4
1583,63.32,5
1584,63.36,5
1585,63.4,4
1586,63.440000000000005,5
1587,63.480000000000004,4
1588,63.52,3
1589,63.56,4
1590,63.6,4
1591,63.64,5
1592,63.68,4
1593,63.72,2
1594,63.76,4
1595,63.800000000000004,4
1596,63.84,2
1597,63.88,3
1598,63.92,3
1599,63.96,5
1600,64.0,2
1601,64.04,4
1602,64.08,4
1603,64.12,3
1604,64.16,2
1605,64.2,2
1606,64.24,3
1607,64.28,4
1608,64.32000000000001,4
1609,64.36,3
1610,64.4,3
1611,64.44,4
1612,64.48,3
1613,64.52,4
1614,64.56,3
1615,64.6,4
1616,64.64,4
1617,64.68,4
1618,64.72,3
1619,64.76,5
1620,64.8,4
1621,64.84,5
1622,64.88,5
1623,64.92,4
1624,64.96000000000001,4
1625,65.0,5
1626,65.04,3
1627,65.08,5
1628,65.12,4
1629,65.16,4
1630,65.2,4
1631,65.24,4
1632,65.28,4
1633,65.32000000000001,4
1634,65.36,4
1635,65.4,3
1636,65.44,3
1637,65.48,4
1638,65.52,4
1639,65.56,4
1640,65.6,4
1641,65.64,4
1642,65.68,3
1643,65.72,4
1644,65.76,4
1645,65.8,4
1646,65.84,4
1647,65.88,3
1648,65.92,4
1649,65.96000000000001,4
1650,66.0,4
1651,66.04,4
1652,66.08,4
1653,66.12,4
1654,66.16,4
1655,66.2,3
1656,66.24,4
1657,66.28,4
1658,66.32000000000001,3
1659,66.36,4
1660,66.4,4
1661,66.44,3
1662,66.48,3
1663,66.52,4
1664,66.56,5
1665,66.6,4
1666,66.64,4
1667,66.68,3
1668,66.72,4
1669,66.76,4
1670,66.8,4
1671,66.84,3
1672,66.88,4
1673,66.92,4
1674,66.96000000000001,3
1675,67.0,3
1676,67.04,3
1677,67.08,3
1678,67.12,4
1679,67.16,3
1680,67.2,4
1681,67.24,3
1682,67.28,3
1683,67.32000000000001,5
1684,67.36,4
1685,67.4,4
1686,67.44,4
1687,67.48,4
1688,67.52,2
1689,67.56,4
1690,67.6,4
1691,67.64,2
1692,67.68,4
1693,67.72,4
1694,67.76,4
1695,67.8,3
1696,67.84,4
1697,67.88,3
1698,67.92,3
1699,67.96000000000001,4
1700,68.0,4
1701,68.04,4
1702,68.08,4
1703,68.12,5
1704,68.16,3
1705,68.2,3
1706,68.24,4
1707,68.28,4
1708,68.32000000000001,3
1709,68.36,2
1710,68.4,4
1711,68.44,6
1712,68.48,5
1713,68.52,5
1714,68.56,5
1715,68.60000000000001,5
1716,68.64,4
1717,68.68,4
1718,68.72,4
1719,68.76,4
1720,68.8,3
1721,68.84,4
1722,68.88,6
1723,68.92,7
1724,68.96000000000001,6
1725,69.0,7
1726,69.04,7
1727,69.08,7
1728,69.12,4
1729,69.16,7
1730,69.2,3
1731,69.24,4
1732,69.28,5
1733,69.32000000000001,4
1734,69.36,4
1735,69.4,4
1736,69.44,4
1737,69.48,4
1738,69.52,2
1739,69.56,4
1740,69.60000000000001,4
1741,69.64,4
1742,69.68,4
1743,69.72,4
1744,69.76,5
1745,69.8,4
1746,69.84,5
1747,69.88,5
1748,69.92,5
1749,69.96000000000001,3
1750,70.0,4
1751,70.04,3
1752,70.08,4
1753,70.12,4
1754,70.16,3
1755,70.2,4
1756,70.24,4
1757,70.28,4
1758,70.32000000000001,4
1759,70.36,3
1760,70.4,4
1761,70.44,4
1762,70.48,2
1763,70.52,2
1764,70.56,2
1765,70.60000000000001,2
1766,70.64,2
1767,70.68,2
1768,70.72,2
1769,70.76,3
1770,70.8,4
1771,70.84,4
1772,70.88,4
1773,70.92,5
1774,70.96000000000001,4
1775,71.0,3
1776,71.04,3
1777,71.08,4
1778,71.12,4
1779,71.16,4
1780,71.2,4
1781,71.24,4
1782,71.28,4
1783,71.32000000000001,5
1784,71.36,4
1785,71.4,5
1786,71.44,4
1787,71.48,4
1788,71.52,4
1789,71.56,4
1790,71.60000000000001,4
1791,71.64,4
1792,71.68,4
1793,71.72,3
1794,71.76,4
1795,71.8,3
1796,71.84,3
1797,71.88,4
1798,71.92,3
1799,71.96000000000001,5
1800,72.0,4
1801,72.04,4
1802,72.08,4
1803,72.12,2
1804,72.16,2
1805,72.2,3
1806,72.24,4
1807,72.28,4
1808,72.32000000000001,4
1809,72.36,4
1810,72.4,4
1811,72.44,4
1812,72.48,4
1813,72.52,4
1814,72.56,3
1815,72.60000000000001,3
1816,72.64,4
1817,72.68,3
1818,72.72,4
1819,72.76,2
1820,72.8,3
1821,72.84,5
1822,72.88,3
1823,72.92,5
1824,72.96000000000001,4
1825,73.0,4
1826,73.04,5
1827,73.08,4
1828,73.12,3
1829,73.16,3
1830,73.2,4
1831,73.24,3
1832,73.28,3
1833,73.32000000000001,4
1834,73.36,4
1835,73.4,3
1836,73.44,4
1837,73.48,4
1838,73.52,2
1839,73.56,4
1840,73.60000000000001,4
1841,73.64,4
1842,73.68,4
1843,73.72,4
1844,73.76,3
1845,73.8,4
1846,73.84,4
1847,73.88,4
1848,73.92,4
1849,73.96000000000001,5
1850,74.0,4
1851,74.04,4
1852,74.08,4
1853,74.12,4
1854,74.16,4
1855,74.2,3
1856,74.24,4
1857,74.28,3
1858,74.32000000000001,3
1859,74.36,4
1860,74.4,4
1861,74.44,5
1862,74.48,5
1863,74.52,3
1864,74.56,4
1865,74.60000000000001,6
1866,74.64,5
1867,74.68,5
1868,74.72,5
1869,74.76,5
1870,74.8,5
1871,74.84,5
1872,74.88,5
1873,74.92,4
1874,74.96000000000001,5
1875,75.0,5
1876,75.04,4
1877,75.08,5
1878,75.12,5
1879,75.16,5
1880,75.2,5
1881,75.24,5
1882,75.28,5
1883,75.32000000000001,5
1884,75.36,5
1885,75.4,5
1886,75.44,5
1887,75.48,5
1888,75.52,5
1889,75.56,5
1890,75.60000000000001,5
1891,75.64,5
1892,75.68,5
1893,75.72,4
1894,75.76,5
1895,75.8,5
1896,75.84,5
1897,75.88,5
1898,75.92,5
1899,75.96000000000001,5
1900,76.0,5
1901,76.04,5
1902,76.08,4
1903,76.12,4
1904,76.16,4
1905,76.2,4
1906,76.24,4
1907,76.28,4
1908,76.32000000000001,4
1909,76.36,4
1910,76.4,5
1911,76.44,3
1912,76.48,4
1913,76.52,5
1914,76.56,3
1915,76.60000000000001,3
1916,76.64,4
1917,76.68,4
1918,76.72,4
1919,76.76,4
1920,76.8,5
1921,76.84,5
1922,76.88,5
1923,76.92,5
1924,76.96000000000001,6
1925,77.0,5
1926,77.04,5
1927,77.08,5
1928,77.12,5
1929,77.16,5
1930,77.2,5
1931,77.24,5
1932,77.28,5
1933,77.32000000000001,5
1934,77.36,5
1935,77.4,5
1936,77.44,5
1937,77.48,5
1938,77.52,5
1939,77.56,5
1940,77.60000000000001,5
1941,77.64,5
1942,77.68,5
1943,77.72,5
1944,77.76,5
1945,77.8,5
1946,77.84,5
1947,77.88,5
1948,77.92,5
1949,77.96000000000001,4
1950,78.0,5
1951,78.04,6
1952,78.08,5
1953,78.12,5
1954,78.16,5
1955,78.2,5
1956,78.24,5
1957,78.28,5
1958,78.32000000000001,5
1959,78.36,5
1960,78.4,5
1961,78.44,5
1962,78.48,5
1963,78.52,5
1964,78.56,5
1965,78.60000000000001,5
1966,78.64,5
1967,78.68,5
1968,78.72,4
1969,78.76,4
1970,78.8,3
1971,78.84,4
1972,78.88,4
1973,78.92,4
1974,78.96000000000001,2
1975,79.0,4
1976,79.04,3
1977,79.08,4
1978,79.12,4
1979,79.16,4
1980,79.2,4
1981,79.24,4
1982,79.28,5
1983,79.32000000000001,3
1984,79.36,4
1985,79.4,4
1986,79.44,5
1987,79.48,5
1988,79.52,4
1989,79.56,4
1990,79.60000000000001,5
1991,79.64,4
1992,79.68,4
1993,79.72,3
1994,79.76,4
1995,79.8,4
1996,79.84,4
1997,79.88,7
1998,79.92,6
1999,79.96000000000001,7
2000,80.0,5
2001,80.04,6
2002,80.08,4
2003,80.12,6
2004,80.16,3
2005,80.2,5
2006,80.24,5
2007,80.28,5
2008,80.32000000000001,5
2009,80.36,5
2010,80.4,5
2011,80.44,5
2012,80.48,5
2013,80.52,5
2014,80.56,5
2015,80.60000000000001,5
2016,80.64,3
2017,80.68,4
2018,80.72,4
2019,80.76,4
2020,80.8,4
2021,80.84,3
2022,80.88,5
2023,80.92,4
2024,80.96000000000001,5
2025,81.0,5
2026,81.04,4
2027,81.08,4
2028,81.12,4
2029,81.16,3
2030,81.2,4
2031,81.24,3
2032,81.28,4
2033,81.32000000000001,4
2034,81.36,4
2035,81.4,5
2036,81.44,4
2037,81.48,4
2038,81.52,5
2039,81.56,4
2040,81.60000000000001,4
2041,81.64,4
2042,81.68,3
2043,81.72,4
2044,81.76,3
2045,81.8,4
2046,81.84,3
2047,81.88,4
2048,81.92,3
2049,81.96000000000001,4
2050,82.0,4
2051,82.04,4
2052,82.08,3
2053,82.12,5
2054,82.16,4
2055,82.2,5
2056,82.24,4
2057,82.28,4
2058,82.32000000000001,4
2059,82.36,4
2060,82.4,4
2061,82.44,4
2062,82.48,4
2063,82.52,4
2064,82.56,4
2065,82.60000000000001,4
2066,82.64,4
2067,82.68,4
2068,82.72,4
2069,82.76,4
2070,82.8,4
2071,82.84,5
2072,82.88,4
2073,82.92,4
2074,82.96000000000001,4
2075,83.0,4
2076,83.04,3
2077,83.08,5
2078,83.12,4
2079,83.16,4
2080,83.2,3
2081,83.24,4
2082,83.28,4
2083,83.32000000000001,5
2084,83.36,2
2085,83.4,4
2086,83.44,3
2087,83.48,4
2088,83.52,3
2089,83.56,4
2090,83.60000000000001,5
2091,83.64,3
2092,83.68,3
2093,83.72,3
2094,83.76,4
2095,83.8,3
2096,83.84,5
2097,83.88,4
2098,83.92,3
2099,83.96000000000001,4
2100,84.0,4
2101,84.04,3
2102,84.08,4
2103,84.12,4
2104,84.16,5
2105,84.2,4
2106,84.24,5
2107,84.28,5
2108,84.32000000000001,5
2109,84.36,5
2110,84.4,5
2111,84.44,5
2112,84.48,5
2113,84.52,5
2114,84.56,5
2115,84.60000000000001,5
2116,84.64,5
2117,84.68,5
2118,84.72,5
2119,84.76,4
2120,84.8,5
2121,84.84,5
2122,84.88,4
2123,84.92,5
2124,84.96000000000001,5
2125,85.0,4
2126,85.04,5
2127,85.08,5
2128,85.12,5
2129,85.16,5
2130,85.2,5
2131,85.24,5
2132,85.28,5
2133,85.32000000000001,4
2134,85.36,5
2135,85.4,4
2136,85.44,5
2137,85.48,5
2138,85.52,5
2139,85.56,5
2140,85.60000000000001,4
2141,85.64,4
2142,85.68,4
2143,85.72,4
2144,85.76,4
2145,85.8,4
2146,85.84,3
2147,85.88,4
2148,85.92,4
2149,85.96000000000001,4
2150,86.0,4
2151,86.04,4
2152,86.08,4
2153,86.12,4
2154,86.16,4
2155,86.2,4
2156,86.24,4
2157,86.28,4
2158,86.32000000000001,4
2159,86.36,4
2160,86.4,4
2161,86.44,4
2162,86.48,3
2163,86.52,3
2164,86.56,4
2165,86.60000000000001,4
2166,86.64,4
2167,86.68,5
2168,86.72,5
2169,86.76,5
2170,86.8,5
2171,86.84,7
2172,86.88,5
2173,86.92,5
2174,86.96000000000001,5
2175,87.0,4
2176,87.04,5
2177,87.08,5
2178,87.12,4
2179,87.16,4
2180,87.2,2
2181,87.24,4
2182,87.28,5
2183,87.32000000000001,4
2184,87.36,4
2185,87.4,4
2186,87.44,5
2187,87.48,5
2188,87.52,5
2189,87.56,4
2190,87.60000000000001,5
2191,87.64,4
2192,87.68,4
2193,87.72,4
2194,87.76,4
2195,87.8,4
2196,87.84,4
2197,87.88,4
2198,87.92,2
2199,87.96000000000001,3
2200,88.0,2
2201,88.04,4
2202,88.08,4
2203,88.12,4
2204,88.16,4
2205,88.2,4
2206,88.24,4
2207,88.28,4
2208,88.32000000000001,4
2209,88.36,4
2210,88.4,4
2211,88.44,4
2212,88.48,4
2213,88.52,4
2214,88.56,4
2215,88.60000000000001,4
2216,88.64,4
2217,88.68,4
2218,88.72,4
2219,88.76,4
2220,88.8,4
2221,88.84,4
2222,88.88,4
2223,88.92,5
2224,88.96000000000001,3
2225,89.0,4
2226,89.04,4
2227,89.08,3
2228,89.12,4
2229,89.16,5
2230,89.2,3
2231,89.24,5
2232,89.28,4
2233,89.32000000000001,4
2234,89.36,4
2235,89.4,4
2236,89.44,5
2237,89.48,4
2238,89.52,3
2239,89.56,3
2240,89.60000000000001,3
2241,89.64,4
2242,89.68,3
2243,89.72,4
2244,89.76,3
2245,89.8,3
2246,89.84,4
2247,89.88,4
2248,89.92,4
2249,89.96000000000001,4
2250,90.0,3
2251,90.04,5
2252,90.08,4
2253,90.12,4
2254,90.16,5
2255,90.2,4
2256,90.24,4
2257,90.28,3
2258,90.32000000000001,4
2259,90.36,4
2260,90.4,4
2261,90.44,4
2262,90.48,4
2263,90.52,4
2264,90.56,4
2265,90.60000000000001,4
2266,90.64,5
2267,90.68,4
2268,90.72,4
2269,90.76,4
2270,90.8,4
2271,90.84,4
2272,90.88,4
2273,90.92,4
2274,90.96000000000001,4
2275,91.0,4
2276,91.04,3
2277,91.08,4
2278,91.12,4
2279,91.16,3
2280,91.2,4
2281,91.24,5
2282,91.28,3
2283,91.32000000000001,4
2284,91.36,4
2285,91.4,4
2286,91.44,4
2287,91.48,3
2288,91.52,4
2289,91.56,4
2290,91.60000000000001,4
2291,91.64,4
2292,91.68,4
2293,91.72,5
2294,91.76,4
2295,91.8,4
2296,91.84,5
2297,91.88,4
2298,91.92,4
2299,91.96000000000001,4
2300,92.0,4
2301,92.04,4
2302,92.08,4
2303,92.12,3
2304,92.16,4
2305,92.2,3
2306,92.24,4
2307,92.28,4
2308,92.32000000000001,4
2309,92.36,3
2310,92.4,4
2311,92.44,4
2312,92.48,4
2313,92.52,3
2314,92.56,4
2315,92.60000000000001,4
2316,92.64,4
2317,92.68,5
2318,92.72,4
2319,92.76,5
2320,92.8,5
2321,92.84,4
2322,92.88,4
2323,92.92,5
2324,92.96000000000001,4
2325,93.0,4
2326,93.04,5
2327,93.08,5
2328,93.12,5
2329,93.16,6
2330,93.2,3
2331,93.24,5
2332,93.28,5
2333,93.32000000000001,5
2334,93.36,3
2335,93.4,2
2336,93.44,3
2337,93.48,3
2338,93.52,4
2339,93.56,5
2340,93.60000000000001,6
2341,93.64,6
2342,93.68,4
2343,93.72,4
2344,93.76,3
2345,93.8,4
2346,93.84,3
2347,93.88,5
2348,93.92,3
2349,93.96000000000001,5
2350,94.0,6
2351,94.04,2
2352,94.08,2
2353,94.12,4
2354,94.16,4
2355,94.2,5
2356,94.24,4
2357,94.28,4
2358,94.32000000000001,4
2359,94.36,4
2360,94.4,2
2361,94.44,2
2362,94.48,3
2363,94.52,2
2364,94.56,2
2365,94.60000000000001,2
2366,94.64,2
2367,94.68,2
2368,94.72,2
2369,94.76,2
2370,94.8,3
2371,94.84,3
2372,94.88,2
2373,94.92,2
2374,94.96000000000001,2
2375,95.0,2
2376,95.04,2
2377,95.08,2
2378,95.12,2
2379,95.16,2
2380,95.2,5
2381,95.24,4
2382,95.28,4
2383,95.32000000000001,4
2384,95.36,4
2385,95.4,5
2386,95.44,3
2387,95.48,3
2388,95.52,4
2389,95.56,4
2390,95.60000000000001,4
2391,95.64,4
2392,95.68,5
2393,95.72,4
2394,95.76,4
2395,95.8,4
2396,95.84,4
2397,95.88,4
2398,95.92,4
2399,95.96000000000001,3
2400,96.0,4
2401,96.04,4
2402,96.08,4
2403,96.12,4
2404,96.16,4
2405,96.2,3
2406,96.24000000000001,4
2407,96.28,3
2408,96.32000000000001,3
2409,96.36,4
2410,96.4,4
2411,96.44,4
2412,96.48,4
2413,96.52,4
2414,96.56,4
2415,96.60000000000001,5
2416,96.64,4
2417,96.68,4
2418,96.72,5
2419,96.76,4
2420,96.8,4
2421,96.84,4
2422,96.88,5
2423,96.92,5
2424,96.96000000000001,5
2425,97.0,4
2426,97.04,4
2427,97.08,5
2428,97.12,4
2429,97.16,3
2430,97.2,4
2431,97.24000000000001,4
2432,97.28,4
2433,97.32000000000001,5
2434,97.36,4
2435,97.4,4
2436,97.44,4
2437,97.48,4
2438,97.52,4
2439,97.56,4
2440,97.60000000000001,2
2441,97.64,2
2442,97.68,2
2443,97.72,2
2444,97.76,2
2445,97.8,3
2446,97.84,2
2447,97.88,2
2448,97.92,2
2449,97.96000000000001,2
2450,98.0,2
2451,98.04,2
2452,98.08,2
2453,98.12,2
2454,98.16,2
2455,98.2,2
2456,98.24000000000001,2
2457,98.28,2
2458,98.32000000000001,2
2459,98.36,1
2460,98.4,2
2461,98.44,2
2462,98.48,2
2463,98.52,2
2464,98.56,2
2465,98.60000000000001,1
2466,98.64,4
2467,98.68,4
2468,98.72,5
2469,98.76,4
2470,98.8,3
2471,98.84,4
2472,98.88,4
2473,98.92,3
2474,98.96000000000001,4
2475,99.0,4
2476,99.04,3
2477,99.08,4
2478,99.12,4
2479,99.16,4
2480,99.2,4
2481,99.24000000000001,4
2482,99.28,4
2483,99.32000000000001,4
2484,99.36,4
2485,99.4,6
2486,99.44,4
2487,99.48,3
2488,99.52,4
2489,99.56,5
2490,99.60000000000001,3
2491,99.64,4
2492,99.68,5
2493,99.72,4
2494,99.76,3
2495,99.8,4
2496,99.84,4
2497,99.88,3
2498,99.92,4
2499,99.96000000000001,4
2500,100.0,4
2501,100.04,4
2502,100.08,4
2503,100.12,3
2504,100.16,4
2505,100.2,3
2506,100.24000000000001,4
2507,100.28,4
2508,100.32000000000001,4
2509,100.36,3
2510,100.4,4
2511,100.44,4
2512,100.48,2
2513,100.52,4
2514,100.56,4
2515,100.60000000000001,4
2516,100.64,3
2517,100.68,5
2518,100.72,5
2519,100.76,5
2520,100.8,4
2521,100.84,4
2522,100.88,4
2523,100.92,4
2524,100.96000000000001,4
2525,101.0,3
2526,101.04,2
2527,101.08,4
2528,101.12,4
2529,101.16,3
2530,101.2,3
2531,101.24000000000001,3
2532,101.28,3
2533,101.32000000000001,3
2534,101.36,3
2535,101.4,4
2536,101.44,2
2537,101.48,3
2538,101.52,3
2539,101.56,3
2540,101.60000000000001,3
2541,101.64,3
2542,101.68,3
2543,101.72,3
2544,101.76,4
2545,101.8,4
2546,101.84,4
2547,101.88,3
2548,101.92,3
2549,101.96000000000001,3
2550,102.0,4
2551,102.04,4
2552,102.08,4
2553,102.12,3
2554,102.16,4
2555,102.2,6
2556,102.24000000000001,4
2557,102.28,4
2558,102.32000000000001,4
2559,102.36,2
2560,102.4,3
2561,102.44,3
2562,102.48,4
2563,102.52,4
2564,102.56,4
2565,102.60000000000001,3
2566,102.64,4
2567,102.68,3
2568,102.72,4
2569,102.76,5
2570,102.8,3
2571,102.84,4
2572,102.88,4
2573,102.92,4
2574,102.96000000000001,4
2575,103.0,5
2576,103.04,3
2577,103.08,3
2578,103.12,4
2579,103.16,4
2580,103.2,5
2581,103.24000000000001,3
2582,103.28,2
2583,103.32000000000001,2
2584,103.36,2
2585,103.4,1
2586,103.44,3
2587,103.48,2
2588,103.52,3
2589,103.56,2
2590,103.60000000000001,2
2591,103.64,2
2592,103.68,2
2593,103.72,2
2594,103.76,3
2595,103.8,3
2596,103.84,6
2597,103.88,4
2598,103.92,4
2599,103.96000000000001,3
2600,104.0,5
2601,104.04,4
2602,104.08,5
2603,104.12,4
2604,104.16,5
2605,104.2,5
2606,104.24000000000001,4
2607,104.28,4
2608,104.32000000000001,4
2609,104.36,3
2610,104.4,4
2611,104.44,5
2612,104.48,2
2613,104.52,4
2614,104.56,4
2615,104.60000000000001,4
2616,104.64,5
2617,104.68,3
2618,104.72,4
2619,104.76,4
2620,104.8,5
2621,104.84,4
2622,104.88,5
2623,104.92,4
2624,104.96000000000001,4
2625,105.0,3
2626,105.04,3
2627,105.08,4
2628,105.12,4
2629,105.16,3
2630,105.2,4
2631,105.24000000000001,5
2632,105.28,5
2633,105.32000000000001,4
2634,105.36,3
2635,105.4,4
2636,105.44,2
2637,105.48,4
2638,105.52,4
2639,105.56,3
2640,105.60000000000001,4
2641,105.64,5
2642,105.68,4
2643,105.72,4
2644,105.76,4
2645,105.8,4
2646,105.84,4
2647,105.88,4
2648,105.92,5
2649,105.96000000000001,5
2650,106.0,5
2651,106.04,4
2652,106.08,6
2653,106.12,4
2654,106.16,4
2655,106.2,6
2656,106.24000000000001,3
2657,106.28,4
2658,106.32000000000001,4
2659,106.36,5
2660,106.4,3
2661,106.44,4
2662,106.48,4
2663,106.52,4
2664,106.56,4
2665,106.60000000000001,4
2666,106.64,4
2667,106.68,3
2668,106.72,5
2669,106.76,2
2670,106.8,4
2671,106.84,5
2672,106.88,3
2673,106.92,3
2674,106.96000000000001,4
2675,107.0,3
2676,107.04,4
2677,107.08,4
2678,107.12,5
2679,107.16,4
2680,107.2,4
2681,107.24000000000001,4
2682,107.28,3
2683,107.32000000000001,4
2684,107.36,3
2685,107.4,3
2686,107.44,4
2687,107.48,4
2688,107.52,4
2689,107.56,1
2690,107.60000000000001,3
2691,107.64,3
2692,107.68,2
2693,107.72,3
2694,107.76,4
2695,107.8,4
2696,107.84,4
2697,107.88,5
2698,107.92,4
2699,107.96000000000001,4
2700,108.0,4
2701,108.04,3
2702,108.08,4
2703,108.12,5
2704,108.16,4
2705,108.2,5
2706,108.24000000000001,4
2707,108.28,4
2708,108.32000000000001,4
2709,108.36,4
2710,108.4,4
2711,108.44,4
2712,108.48,5
2713,108.52,4
2714,108.56,3
2715,108.60000000000001,4
2716,108.64,3
2717,108.68,4
2718,108.72,4
2719,108.76,4
2720,108.8,4
2721,108.84,4
2722,108.88,4
2723,108.92,4
2724,108.96000000000001,3
2725,109.0,4
2726,109.04,4
2727,109.08,3
2728,109.12,3
2729,109.16,3
2730,109.2,4
2731,109.24000000000001,4
2732,109.28,5
2733,109.32000000000001,5
2734,109.36,3
2735,109.4,4
2736,109.44,3
2737,109.48,4
2738,109.52,4
2739,109.56,4
2740,109.60000000000001,5
2741,109.64,4
2742,109.68,4
2743,109.72,4
2744,109.76,4
2745,109.8,3
2746,109.84,5
2747,109.88,4
2748,109.92,4
2749,109.96000000000001,4
2750,110.0,4
2751,110.04,3
2752,110.08,3
2753,110.12,4
2754,110.16,4
2755,110.2,4
2756,110.24000000000001,4
2757,110.28,4
2758,110.32000000000001,4
2759,110.36,5
2760,110.4,4
2761,110.44,3
2762,110.48,4
2763,110.52,5
2764,110.56,4
2765,110.60000000000001,4
2766,110.64,4
2767,110.68,3
2768,110.72,4
2769,110.76,3
2770,110.8,5
2771,110.84,5
2772,110.88,5
2773,110.92,4
2774,110.96000000000001,5
2775,111.0,3
2776,111.04,4
2777,111.08,4
2778,111.12,4
2779,111.16,3
2780,111.2,4
2781,111.24000000000001,4
2782,111.28,4
2783,111.32000000000001,3
2784,111.36,4
2785,111.4,4
2786,111.44,4
2787,111.48,4
2788,111.52,4
2789,111.56,4
2790,111.60000000000001,4
2791,111.64,4
2792,111.68,3
2793,111.72,4
2794,111.76,4
2795,111.8,4
2796,111.84,4
2797,111.88,5
2798,111.92,4
2799,111.96000000000001,4
2800,112.0,4
2801,112.04,4
2802,112.08,4
2803,112.12,4
2804,112.16,4
2805,112.2,4
2806,112.24000000000001,4
2807,112.28,4
2808,112.32000000000001,4
2809,112.36,4
2810,112.4,4
2811,112.44,4
2812,112.48,4
2813,112.52,3
2814,112.56,3
2815,112.60000000000001,4
2816,112.64,4
2817,112.68,5
2818,112.72,5
2819,112.76,3
2820,112.8,4
2821,112.84,4
2822,112.88,5
2823,112.92,4
2824,112.96000000000001,4
2825,113.0,5
2826,113.04,5
2827,113.08,4
2828,113.12,4
2829,113.16,5
2830,113.2,4
2831,113.24000000000001,4
2832,113.28,4
2833,113.32000000000001,4
2834,113.36,4
2835,113.4,4
2836,113.44,4
2837,113.48,3
2838,113.52,4
2839,113.56,4
2840,113.60000000000001,4
2841,113.64,4
2842,113.68,5
2843,113.72,5
2844,113.76,4
2845,113.8,2
2846,113.84,4
2847,113.88,4
2848,113.92,3
2849,113.96000000000001,5
2850,114.0,4
2851,114.04,5
2852,114.08,4
2853,114.12,5
2854,114.16,4
2855,114.2,3
2856,114.24000000000001,3
2857,114.28,3
2858,114.32000000000001,3
2859,114.36,3
2860,114.4,4
2861,114.44,3
2862,114.48,3
2863,114.52,4
2864,114.56,3
2865,114.60000000000001,4
2866,114.64,4
2867,114.68,4
2868,114.72,4
2869,114.76,4
2870,114.8,4
2871,114.84,4
2872,114.88,4
2873,114.92,4
2874,114.96000000000001,4
2875,115.0,3
2876,115.04,4
2877,115.08,4
2878,115.12,4
2879,115.16,4
2880,115.2,3
2881,115.24000000000001,4
2882,115.28,3
2883,115.32000000000001,4
2884,115.36,5
2885,115.4,5
2886,115.44,5
2887,115.48,5
2888,115.52,5
2889,115.56,5
2890,115.60000000000001,5
2891,115.64,4
2892,115.68,5
2893,115.72,5
2894,115.76,5
2895,115.8,4
2896,115.84,4
2897,115.88,4
2898,115.92,4
2899,115.96000000000001,4
2900,116.0,4
2901,116.04,4
2902,116.08,4
2903,116.12,3
2904,116.16,3
2905,116.2,4
2906,116.24000000000001,3
2907,116.28,4
2908,116.32000000000001,4
2909,116.36,4
2910,116.4,3
2911,116.44,3
2912,116.48,4
2913,116.52,4
2914,116.56,4
2915,116.60000000000001,5
2916,116.64,5
2917,116.68,5
2918,116.72,5
2919,116.76,5
2920,116.8,5
2921,116.84,5
2922,116.88,5
2923,116.92,5
2924,116.96000000000001,5
2925,117.0,5
2926,117.04,4
2927,117.08,4
2928,117.12,6
2929,117.16,5
2930,117.2,6
2931,117.24000000000001,5
2932,117.28,3
2933,117.32000000000001,4
2934,117.36,4
2935,117.4,4
2936,117.44,4
2937,117.48,3
2938,117.52,4
2939,117.56,4
2940,117.60000000000001,3
2941,117.64,4
2942,117.68,4
2943,117.72,5
2944,117.76,5
2945,117.8,5
2946,117.84,5
2947,117.88,5
2948,117.92,5
2949,117.96000000000001,5
2950,118.0,5
2951,118.04,5
2952,118.08,5
2953,118.12,4
2954,118.16,5
2955,118.2,5
2956,118.24000000000001,5
2957,118.28,5
2958,118.32000000000001,5
2959,118.36,5
2960,118.4,5
2961,118.44,5
2962,118.48,5
2963,118.52,5
2964,118.56,6
2965,118.60000000000001,4
2966,118.64,4
2967,118.68,5
2968,118.72,5
2969,118.76,5
2970,118.8,5
2971,118.84,6
2972,118.88,5
2973,118.92,5
2974,118.96000000000001,5
2975,119.0,6
2976,119.04,6
2977,119.08,5
2978,119.12,5
2979,119.16,5
2980,119.2,5
2981,119.24000000000001,5
2982,119.28,5
2983,119.32000000000001,5
2984,119.36,6
2985,119.4,4
2986,119.44,6
2987,119.48,5
2988,119.52,6
2989,119.56,5
2990,119.60000000000001,5
2991,119.64,5
2992,119.68,5
2993,119.72,4
2994,119.76,4
2995,119.8,2
2996,119.84,4
2997,119.88,4
2998,119.92,4
2999,119.96000000000001,4
3000,120.0,3
3001,120.04,2
3002,120.08,4
3003,120.12,4
3004,120.16,4
3005,120.2,3
3006,120.24000000000001,4
3007,120.28,4
3008,120.32000000000001,4
3009,120.36,4
3010,120.4,4
3011,120.44,4
3012,120.48,5
3013,120.52,5
3014,120.56,4
3015,120.60000000000001,5
3016,120.64,4
3017,120.68,3
3018,120.72,4
3019,120.76,4
3020,120.8,4
3021,120.84,3
3022,120.88,4
3023,120.92,4
3024,120.96000000000001,4
3025,121.0,4
3026,121.04,4
3027,121.08,4
3028,121.12,3
3029,121.16,3
3030,121.2,5
3031,121.24000000000001,4
3032,121.28,4
3033,121.32000000000001,3
3034,121.36,4
3035,121.4,2
3036,121.44,3
3037,121.48,3
3038,121.52,3
3039,121.56,4
3040,121.60000000000001,4
3041,121.64,4
3042,121.68,4
3043,121.72,4
3044,121.76,3
3045,121.8,4
3046,121.84,4
3047,121.88,5
3048,121.92,4
3049,121.96000000000001,4
3050,122.0,5
3051,122.04,4
3052,122.08,5
3053,122.12,2
3054,122.16,5
3055,122.2,3
3056,122.24000000000001,5
3057,122.28,5
3058,122.32000000000001,2
3059,122.36,3
3060,122.4,3
3061,122.44,3
3062,122.48,5
3063,122.52,5
3064,122.56,5
3065,122.60000000000001,4
3066,122.64,4
3067,122.68,5
3068,122.72,5
3069,122.76,5
3070,122.8,5
3071,122.84,4
3072,122.88,5
3073,122.92,5
3074,122.96000000000001,5
3075,123.0,5
3076,123.04,5
3077,123.08,5
3078,123.12,4
3079,123.16,5
3080,123.2,5
3081,123.24000000000001,5
3082,123.28,5
3083,123.32000000000001,5
3084,123.36,5
3085,123.4,5
3086,123.44,5
3087,123.48,5
3088,123.52,5
3089,123.56,5
3090,123.60000000000001,5
3091,123.64,5
3092,123.68,5
3093,123.72,5
3094,123.76,5
3095,123.8,5
3096,123.84,5
3097,123.88000000000001,5
3098,123.92,4
3099,123.96000000000001,5
3100,124.0,5
3101,124.04,5
3102,124.08,5
3103,124.12,5
3104,124.16,5
3105,124.2,5
3106,124.24000000000001,5
3107,124.28,5
3108,124.32000000000001,5
3109,124.36,5
3110,124.4,5
3111,124.44,5
3112,124.48,5
3113,124.52,5
3114,124.56,4
3115,124.60000000000001,5
3116,124.64,6
3117,124.68,6
3118,124.72,5
3119,124.76,5
3120,124.8,4
3121,124.84,4
3122,124.88000000000001,4
3123,124.92,3
3124,124.96000000000001,4
3125,125.0,4
3126,125.04,3
3127,125.08,4
3128,125.12,4
3129,125.16,4
3130,125.2,3
3131,125.24000000000001,4
3132,125.28,4
3133,125.32000000000001,2
3134,125.36,3
3135,125.4,3
3136,125.44,4
3137,125.48,5
3138,125.52,5
3139,125.56,3
3140,125.60000000000001,4
3141,125.64,5
3142,125.68,4
3143,125.72,3
3144,125.76,4
3145,125.8,4
3146,125.84,3
3147,125.88000000000001,4
3148,125.92,4
3149,125.96000000000001,5
3150,126.0,3
3151,126.04,4
3152,126.08,6
3153,126.12,5
3154,126.16,6
3155,126.2,4
3156,126.24000000000001,3
3157,126.28,5
3158,126.32000000000001,5
3159,126.36,4
3160,126.4,4
3161,126.44,3
3162,126.48,4
3163,126.52,5
3164,126.56,2
3165,126.60000000000001,5
3166,126.64,4
3167,126.68,4
3168,126.72,3
3169,126.76,3
3170,126.8,4
3171,126.84,3
3172,126.88000000000001,5
3173,126.92,4
3174,126.96000000000001,3
3175,127.0,3
3176,127.04,4
3177,127.08,4
3178,127.12,3
3179,127.16,4
3180,127.2,4
3181,127.24000000000001,4
3182,127.28,3
3183,127.32000000000001,4
3184,127.36,3
3185,127.4,4
3186,127.44,4
3187,127.48,5
3188,127.52,4
3189,127.56,5
3190,127.60000000000001,4
3191,127.64,4
3192,127.68,4
3193,127.72,3
3194,127.76,4
3195,127.8,5
3196,127.84,4
3197,127.88000000000001,4
3198,127.92,3
3199,127.96000000000001,4
3200,128.0,4
3201,128.04,5
3202,128.08,4
3203,128.12,5
3204,128.16,5
3205,128.2,4
3206,128.24,5
3207,128.28,5
3208,128.32,4
3209,128.36,4
3210,128.4,5
3211,128.44,5
3212,128.48,5
3213,128.52,5
3214,128.56,5
3215,128.6,5
3216,128.64000000000001,5
3217,128.68,5
3218,128.72,5
3219,128.76,6
3220,128.8,5
3221,128.84,5
3222,128.88,4
3223,128.92000000000002,4
3224,128.96,5
3225,129.0,5
3226,129.04,4
3227,129.08,5
3228,129.12,5
3229,129.16,5
3230,129.2,5
3231,129.24,4
3232,129.28,5
3233,129.32,5
3234,129.36,5
3235,129.4,5
3236,129.44,5
3237,129.48,5
3238,129.52,4
3239,129.56,6
3240,129.6,5
3241,129.64000000000001,5
3242,129.68,5
3243,129.72,5
3244,129.76,4
3245,129.8,4
3246,129.84,4
3247,129.88,5
3248,129.92000000000002,5
3249,129.96,6
3250,130.0,5
3251,130.04,5
3252,130.08,5
3253,130.12,5
3254,130.16,5
3255,130.2,5
3256,130.24,5
3257,130.28,5
3258,130.32,5
3259,130.36,5
3260,130.4,5
3261,130.44,5
3262,130.48,5
3263,130.52,5
3264,130.56,5
3265,130.6,5
3266,130.64000000000001,5
3267,130.68,5
3268,130.72,5
3269,130.76,5
3270,130.8,5
3271,130.84,5
3272,130.88,5
3273,130.92000000000002,5
3274,130.96,5
3275,131.0,5
3276,131.04,5
3277,131.08,5
3278,131.12,6
3279,131.16,5
3280,131.2,5
3281,131.24,6
3282,131.28,5
3283,131.32,5
3284,131.36,5
3285,131.4,5
3286,131.44,5
3287,131.48,6
3288,131.52,5
3289,131.56,5
3290,131.6,5
3291,131.64000000000001,5
3292,131.68,5
3293,131.72,5
3294,131.76,5
3295,131.8,6
3296,131.84,5
3297,131.88,5
3298,131.92000000000002,5
3299,131.96,5
3300,132.0,6
3301,132.04,6
3302,132.08,5
3303,132.12,5
3304,132.16,5
3305,132.2,6
3306,132.24,5
3307,132.28,6
3308,132.32,4
3309,132.36,5
3310,132.4,5
3311,132.44,5
3312,132.48,5
3313,132.52,5
3314,132.56,5
3315,132.6,5
3316,132.64000000000001,4
3317,132.68,4
3318,132.72,6
3319,132.76,5
3320,132.8,5
3321,132.84,5
3322,132.88,5
3323,132.92000000000002,6
3324,132.96,5
3325,133.0,5
3326,133.04,5
3327,133.08,5
3328,133.12,5
3329,133.16,5
3330,133.2,6
3331,133.24,6
3332,133.28,5
3333,133.32,5
3334,133.36,5
3335,133.4,6
3336,133.44,5
3337,133.48,5
3338,133.52,5
3339,133.56,5
3340,133.6,5
3341,133.64000000000001,5
3342,133.68,6
3343,133.72,6
3344,133.76,5
3345,133.8,5
3346,133.84,5
3347,133.88,5
3348,133.92000000000002,5
3349,133.96,5
3350,134.0,5
3351,134.04,4
3352,134.08,5
3353,134.12,5
3354,134.16,5
3355,134.2,5
3356,134.24,5
3357,134.28,6
3358,134.32,5
3359,134.36,6
3360,134.4,5
3361,134.44,5
3362,134.48,5
3363,134.52,5
3364,134.56,5
3365,134.6,5
3366,134.64000000000001,5
3367,134.68,6
3368,134.72,6
3369,134.76,6
3370,134.8,5
3371,134.84,5
3372,134.88,6
3373,134.92000000000002,5
3374,134.96,6
3375,135.0,5
3376,135.04,5
3377,135.08,5
3378,135.12,6
3379,135.16,5
3380,135.2,5
3381,135.24,5
3382,135.28,5
3383,135.32,5
3384,135.36,6
3385,135.4,5
3386,135.44,4
3387,135.48,5
3388,135.52,5
3389,135.56,5
3390,135.6,5
3391,135.64000000000001,5
3392,135.68,5
3393,135.72,5
3394,135.76,5
3395,135.8,4
3396,135.84,5
3397,135.88,5
3398,135.92000000000002,5
3399,135.96,5
3400,136.0,5
3401,136.04,5
3402,136.08,6
3403,136.12,5
3404,136.16,5
3405,136.2,5
3406,136.24,4
3407,136.28,5
3408,136.32,5
3409,136.36,5
3410,136.4,6
3411,136.44,5
3412,136.48,5
3413,136.52,5
3414,136.56,5
3415,136.6,5
3416,136.64000000000001,5
3417,136.68,5
3418,136.72,5
3419,136.76,5
3420,136.8,6
3421,136.84,6
3422,136.88,5
3423,136.92000000000002,5
3424,136.96,5
3425,137.0,5
3426,137.04,5
3427,137.08,5
3428,137.12,5
3429,137.16,5
3430,137.20000000000002,5
3431,137.24,5
3432,137.28,5
3433,137.32,5
3434,137.36,5
3435,137.4,5
3436,137.44,5
3437,137.48,5
3438,137.52,5
3439,137.56,5
3440,137.6,5
3441,137.64000000000001,5
3442,137.68,6
3443,137.72,5
3444,137.76,5
3445,137.8,5
3446,137.84,5
3447,137.88,5
3448,137.92000000000002,5
3449,137.96,5
3450,138.0,5
3451,138.04,5
3452,138.08,5
3453,138.12,5
3454,138.16,5
3455,138.20000000000002,6
3456,138.24,5
3457,138.28,5
3458,138.32,5
3459,138.36,5
3460,138.4,5
3461,138.44,4
3462,138.48,5
3463,138.52,5
3464,138.56,5
3465,138.6,5
3466,138.64000000000001,5
3467,138.68,5
3468,138.72,5
3469,138.76,5
3470,138.8,3
3471,138.84,4
3472,138.88,4
3473,138.92000000000002,3
3474,138.96,4
3475,139.0,3
3476,139.04,3
3477,139.08,4
3478,139.12,4
3479,139.16,4
3480,139.20000000000002,4
3481,139.24,4
3482,139.28,5
3483,139.32,4
3484,139.36,5
3485,139.4,5
3486,139.44,5
3487,139.48,5
3488,139.52,5
3489,139.56,5
3490,139.6,4
3491,139.64000000000001,4
3492,139.68,3
3493,139.72,3
3494,139.76,4
3495,139.8,4
3496,139.84,5
3497,139.88,4
3498,139.92000000000002,5
3499,139.96,5
3500,140.0,4
3501,140.04,4
3502,140.08,2
3503,140.12,3
3504,140.16,4
3505,140.20000000000002,4
3506,140.24,4
3507,140.28,4
3508,140.32,3
3509,140.36,3
3510,140.4,4
3511,140.44,4
3512,140.48,3
3513,140.52,4
3514,140.56,3
3515,140.6,4
3516,140.64000000000001,4
3517,140.68,4
3518,140.72,4
3519,140.76,4
3520,140.8,3
3521,140.84,4
3522,140.88,4
3523,140.92000000000002,4
3524,140.96,3
3525,141.0,4
3526,141.04,3
3527,141.08,3
3528,141.12,3
3529,141.16,4
3530,141.20000000000002,4
3531,141.24,4
3532,141.28,4
3533,141.32,4
3534,141.36,5
3535,141.4,4
3536,141.44,4
3537,141.48,3
3538,141.52,4
3539,141.56,4
3540,141.6,3
3541,141.64000000000001,3
3542,141.68,3
3543,141.72,4
3544,141.76,3
3545,141.8,4
3546,141.84,5
3547,141.88,4
3548,141.92000000000002,5
3549,141.96,5
3550,142.0,5
3551,142.04,5
3552,142.08,5
3553,142.12,5
3554,142.16,6
3555,142.20000000000002,5
3556,142.24,5
3557,142.28,6
3558,142.32,5
3559,142.36,5
3560,142.4,5
3561,142.44,5
3562,142.48,5
3563,142.52,6
3564,142.56,5
3565,142.6,5
3566,142.64000000000001,5
3567,142.68,5
3568,142.72,5
3569,142.76,5
3570,142.8,5
3571,142.84,5
3572,142.88,5
3573,142.92000000000002,5
3574,142.96,5
3575,143.0,5
3576,143.04,5
3577,143.08,6
3578,143.12,5
3579,143.16,5
3580,143.20000000000002,6
3581,143.24,5
3582,143.28,5
3583,143.32,5
3584,143.36,5
3585,143.4,5
3586,143.44,5
3587,143.48,5
3588,143.52,6
3589,143.56,5
3590,143.6,5
3591,143.64000000000001,5
3592,143.68,5
3593,143.72,5
3594,143.76,5
3595,143.8,5
3596,143.84,5
3597,143.88,5
3598,143.92000000000002,5
3599,143.96,5
3600,144.0,5
3601,144.04,6
3602,144.08,5
3603,144.12,5
3604,144.16,5
3605,144.20000000000002,5
3606,144.24,5
3607,144.28,5
3608,144.32,5
3609,144.36,5
3610,144.4,5
3611,144.44,5
3612,144.48,5
3613,144.52,5
3614,144.56,5
3615,144.6,5
3616,144.64000000000001,5
3617,144.68,4
3618,144.72,5
3619,144.76,5
3620,144.8,4
3621,144.84,5
3622,144.88,5
3623,144.92000000000002,6
3624,144.96,4
3625,145.0,4
